SBID,FIELD_NAME,BEAM,RA_HMS,DEC_DMS,DATEOBS,DATEEND,NINT,BMAJ,BMIN,BPA
11380,VAST_0216+00A,0,02:14:27,+00:31:29.93,2020-01-17 11:01:51.634,2020-01-17 11:13:48.270,73,13.871346,11.890780,45.824293
11380,VAST_0216+00A,1,02:18:39,+00:31:29.93,2020-01-17 11:01:51.634,2020-01-17 11:13:48.270,73,13.548693,11.101851,75.350072
11380,VAST_0216+00A,2,02:14:27,-00:31:29.93,2020-01-17 11:01:51.634,2020-01-17 11:13:48.270,73,13.682877,11.842697,44.073192
11380,VAST_0216+00A,3,02:18:39,-00:31:29.93,2020-01-17 11:01:51.634,2020-01-17 11:13:48.270,73,13.524132,11.203918,75.228289
11380,VAST_0216+00A,4,02:10:14.83,+01:34:30.4,2020-01-17 11:01:51.634,2020-01-17 11:13:48.270,73,14.074454,11.411271,73.615571
11380,VAST_0216+00A,5,02:14:26.957,+01:34:30.4,2020-01-17 11:01:51.634,2020-01-17 11:13:48.270,73,14.111880,12.064343,43.495039
11380,VAST_0216+00A,6,02:18:39.043,+01:34:30.4,2020-01-17 11:01:51.634,2020-01-17 11:13:48.270,73,13.867856,11.430977,73.740181
11380,VAST_0216+00A,7,02:22:51.17,+01:34:30.4,2020-01-17 11:01:51.634,2020-01-17 11:13:48.270,73,13.810746,11.423969,73.860954
11380,VAST_0216+00A,8,02:22:51.043,+00:31:29.93,2020-01-17 11:01:51.634,2020-01-17 11:13:48.270,73,13.761906,11.340602,74.911346
11380,VAST_0216+00A,9,02:22:51.043,-00:31:29.93,2020-01-17 11:01:51.634,2020-01-17 11:13:48.270,73,13.612815,11.315140,75.054916
11380,VAST_0216+00A,10,02:22:51.17,-01:34:30.4,2020-01-17 11:01:51.634,2020-01-17 11:13:48.270,73,13.528785,11.983738,36.957809
11380,VAST_0216+00A,11,02:18:39.043,-01:34:30.4,2020-01-17 11:01:51.634,2020-01-17 11:13:48.270,73,13.418583,11.315989,74.402736
11380,VAST_0216+00A,12,02:14:26.957,-01:34:30.4,2020-01-17 11:01:51.634,2020-01-17 11:13:48.270,73,13.487966,11.284300,74.647198
11380,VAST_0216+00A,13,02:10:14.83,-01:34:30.4,2020-01-17 11:01:51.634,2020-01-17 11:13:48.270,73,13.572330,11.292717,74.717259
11380,VAST_0216+00A,14,02:10:14.957,-00:31:29.93,2020-01-17 11:01:51.634,2020-01-17 11:13:48.270,73,13.768936,11.118646,75.409467
11380,VAST_0216+00A,15,02:10:14.957,+00:31:29.93,2020-01-17 11:01:51.634,2020-01-17 11:13:48.270,73,14.067947,11.316127,74.955256
11380,VAST_0216+00A,16,02:06:02.153,+02:37:32.77,2020-01-17 11:01:51.634,2020-01-17 11:13:48.270,73,14.223279,11.570760,72.598985
11380,VAST_0216+00A,17,02:10:14.575,+02:37:32.77,2020-01-17 11:01:51.634,2020-01-17 11:13:48.270,73,14.122092,11.555390,72.485432
11380,VAST_0216+00A,18,02:14:26.873,+02:37:32.77,2020-01-17 11:01:51.634,2020-01-17 11:13:48.270,73,14.279689,12.140087,41.216041
11380,VAST_0216+00A,19,02:18:39.127,+02:37:32.77,2020-01-17 11:01:51.634,2020-01-17 11:13:48.270,73,13.931470,11.544622,72.420564
11380,VAST_0216+00A,20,02:22:51.425,+02:37:32.77,2020-01-17 11:01:51.634,2020-01-17 11:13:48.270,73,13.842765,11.536822,72.472862
11380,VAST_0216+00A,21,02:27:03.847,+02:37:32.77,2020-01-17 11:01:51.634,2020-01-17 11:13:48.270,73,13.598359,11.456191,69.372837
11380,VAST_0216+00A,22,02:27:03.425,+01:34:30.4,2020-01-17 11:01:51.634,2020-01-17 11:13:48.270,73,13.555637,11.340540,71.009870
11380,VAST_0216+00A,23,02:27:03.211,+00:31:29.93,2020-01-17 11:01:51.634,2020-01-17 11:13:48.270,73,13.728080,12.100774,41.665594
11380,VAST_0216+00A,24,02:27:03.211,-00:31:29.93,2020-01-17 11:01:51.634,2020-01-17 11:13:48.270,73,13.455674,11.922115,39.745919
11380,VAST_0216+00A,25,02:27:03.425,-01:34:30.4,2020-01-17 11:01:51.634,2020-01-17 11:13:48.270,73,13.035868,11.109309,75.177548
11380,VAST_0216+00A,26,02:27:03.847,-02:37:32.77,2020-01-17 11:01:51.634,2020-01-17 11:13:48.270,73,12.978778,11.230909,74.344671
11380,VAST_0216+00A,27,02:22:51.425,-02:37:32.77,2020-01-17 11:01:51.634,2020-01-17 11:13:48.270,73,13.033787,11.228665,74.269755
11380,VAST_0216+00A,28,02:18:39.127,-02:37:32.77,2020-01-17 11:01:51.634,2020-01-17 11:13:48.270,73,12.955156,11.090569,74.667270
11380,VAST_0216+00A,29,02:14:26.873,-02:37:32.77,2020-01-17 11:01:51.634,2020-01-17 11:13:48.270,73,13.148811,11.173370,74.753568
11380,VAST_0216+00A,30,02:10:14.575,-02:37:32.77,2020-01-17 11:01:51.634,2020-01-17 11:13:48.270,73,13.350006,11.290912,74.644579
11380,VAST_0216+00A,31,02:06:02.153,-02:37:32.77,2020-01-17 11:01:51.634,2020-01-17 11:13:48.270,73,13.333649,11.117667,75.516993
11380,VAST_0216+00A,32,02:06:02.575,-01:34:30.4,2020-01-17 11:01:51.634,2020-01-17 11:13:48.270,73,13.662406,11.270473,74.969225
11380,VAST_0216+00A,33,02:06:02.789,-00:31:29.93,2020-01-17 11:01:51.634,2020-01-17 11:13:48.270,73,13.873431,11.096458,75.350256
11380,VAST_0216+00A,34,02:06:02.789,+00:31:29.93,2020-01-17 11:01:51.634,2020-01-17 11:13:48.270,73,14.011480,11.190076,75.299521
11380,VAST_0216+00A,35,02:06:02.575,+01:34:30.4,2020-01-17 11:01:51.634,2020-01-17 11:13:48.270,73,14.195175,11.428362,73.734855
11381,VAST_0306+00A,0,03:04:06,+00:31:29.93,2020-01-17 11:17:47.149,2020-01-17 11:29:33.832,72,13.253330,12.162405,34.709286
11381,VAST_0306+00A,1,03:08:18,+00:31:29.93,2020-01-17 11:17:47.149,2020-01-17 11:29:33.832,72,13.248319,11.231363,78.613277
11381,VAST_0306+00A,2,03:04:06,-00:31:29.93,2020-01-17 11:17:47.149,2020-01-17 11:29:33.832,72,13.188263,12.138370,33.431075
11381,VAST_0306+00A,3,03:08:18,-00:31:29.93,2020-01-17 11:17:47.149,2020-01-17 11:29:33.832,72,13.255138,11.332697,78.231349
11381,VAST_0306+00A,4,02:59:53.83,+01:34:30.4,2020-01-17 11:17:47.149,2020-01-17 11:29:33.832,72,13.568666,11.505410,75.100385
11381,VAST_0306+00A,5,03:04:05.957,+01:34:30.4,2020-01-17 11:17:47.149,2020-01-17 11:29:33.832,72,13.519905,12.282803,32.585685
11381,VAST_0306+00A,6,03:08:18.043,+01:34:30.4,2020-01-17 11:17:47.149,2020-01-17 11:29:33.832,72,13.527306,11.559429,75.929761
11381,VAST_0306+00A,7,03:12:30.17,+01:34:30.4,2020-01-17 11:17:47.149,2020-01-17 11:29:33.832,72,13.513741,11.582958,76.301935
11381,VAST_0306+00A,8,03:12:30.043,+00:31:29.93,2020-01-17 11:17:47.149,2020-01-17 11:29:33.832,72,13.519914,11.476825,77.928800
11381,VAST_0306+00A,9,03:12:30.043,-00:31:29.93,2020-01-17 11:17:47.149,2020-01-17 11:29:33.832,72,13.417212,11.448083,77.781664
11381,VAST_0306+00A,10,03:12:30.17,-01:34:30.4,2020-01-17 11:17:47.149,2020-01-17 11:29:33.832,72,13.228496,12.208769,26.483834
11381,VAST_0306+00A,11,03:08:18.043,-01:34:30.4,2020-01-17 11:17:47.149,2020-01-17 11:29:33.832,72,13.218926,11.419490,76.076910
11381,VAST_0306+00A,12,03:04:05.957,-01:34:30.4,2020-01-17 11:17:47.149,2020-01-17 11:29:33.832,72,13.203837,11.414974,75.610620
11381,VAST_0306+00A,13,02:59:53.83,-01:34:30.4,2020-01-17 11:17:47.149,2020-01-17 11:29:33.832,72,13.221416,11.392166,75.216004
11381,VAST_0306+00A,14,02:59:53.957,-00:31:29.93,2020-01-17 11:17:47.149,2020-01-17 11:29:33.832,72,13.339063,11.263062,77.584170
11381,VAST_0306+00A,15,02:59:53.957,+00:31:29.93,2020-01-17 11:17:47.149,2020-01-17 11:29:33.832,72,13.548119,11.418994,76.449410
11381,VAST_0306+00A,16,02:55:41.153,+02:37:32.77,2020-01-17 11:17:47.149,2020-01-17 11:29:33.832,72,13.602477,11.587130,72.856784
11381,VAST_0306+00A,17,02:59:53.575,+02:37:32.77,2020-01-17 11:17:47.149,2020-01-17 11:29:33.832,72,13.592380,11.617313,73.291603
11381,VAST_0306+00A,18,03:04:05.873,+02:37:32.77,2020-01-17 11:17:47.149,2020-01-17 11:29:33.832,72,13.702774,12.313309,30.143322
11381,VAST_0306+00A,19,03:08:18.127,+02:37:32.77,2020-01-17 11:17:47.149,2020-01-17 11:29:33.832,72,13.552256,11.685044,74.134960
11381,VAST_0306+00A,20,03:12:30.425,+02:37:32.77,2020-01-17 11:17:47.149,2020-01-17 11:29:33.832,72,13.528247,11.695734,74.592464
11381,VAST_0306+00A,21,03:16:42.847,+02:37:32.77,2020-01-17 11:17:47.149,2020-01-17 11:29:33.832,72,13.342965,11.660240,71.789172
11381,VAST_0306+00A,22,03:16:42.425,+01:34:30.4,2020-01-17 11:17:47.149,2020-01-17 11:29:33.832,72,13.308105,11.542489,73.742841
11381,VAST_0306+00A,23,03:16:42.211,+00:31:29.93,2020-01-17 11:17:47.149,2020-01-17 11:29:33.832,72,13.313646,12.464049,30.419227
11381,VAST_0306+00A,24,03:16:42.211,-00:31:29.93,2020-01-17 11:17:47.149,2020-01-17 11:29:33.832,72,13.088872,12.309190,30.242105
11381,VAST_0306+00A,25,03:16:42.425,-01:34:30.4,2020-01-17 11:17:47.149,2020-01-17 11:29:33.832,72,12.995139,11.225497,78.574740
11381,VAST_0306+00A,26,03:16:42.847,-02:37:32.77,2020-01-17 11:17:47.149,2020-01-17 11:29:33.832,72,12.924679,11.345398,77.248556
11381,VAST_0306+00A,27,03:12:30.425,-02:37:32.77,2020-01-17 11:17:47.149,2020-01-17 11:29:33.832,72,12.911095,11.334573,76.481722
11381,VAST_0306+00A,28,03:08:18.127,-02:37:32.77,2020-01-17 11:17:47.149,2020-01-17 11:29:33.832,72,12.792197,11.189174,76.242597
11381,VAST_0306+00A,29,03:04:05.873,-02:37:32.77,2020-01-17 11:17:47.149,2020-01-17 11:29:33.832,72,12.943799,11.269554,75.017962
11381,VAST_0306+00A,30,02:59:53.575,-02:37:32.77,2020-01-17 11:17:47.149,2020-01-17 11:29:33.832,72,13.050178,11.373418,74.514773
11381,VAST_0306+00A,31,02:55:41.153,-02:37:32.77,2020-01-17 11:17:47.149,2020-01-17 11:29:33.832,72,12.937038,11.226771,75.630431
11381,VAST_0306+00A,32,02:55:41.575,-01:34:30.4,2020-01-17 11:17:47.149,2020-01-17 11:29:33.832,72,13.208258,11.375790,74.895465
11381,VAST_0306+00A,33,02:55:41.789,-00:31:29.93,2020-01-17 11:17:47.149,2020-01-17 11:29:33.832,72,13.346420,11.241352,77.116131
11381,VAST_0306+00A,34,02:55:41.789,+00:31:29.93,2020-01-17 11:17:47.149,2020-01-17 11:29:33.832,72,13.452396,11.270980,76.301645
11381,VAST_0306+00A,35,02:55:41.575,+01:34:30.4,2020-01-17 11:17:47.149,2020-01-17 11:29:33.832,72,13.589406,11.476382,74.788704
11391,VAST_0532-50A,0,05:29:03.722,-49:34:04.84,2020-01-17 13:45:35.521,2020-01-17 13:57:32.157,73,13.963881,11.014092,4.381197
11391,VAST_0532-50A,1,05:35:32.278,-49:34:04.84,2020-01-17 13:45:35.521,2020-01-17 13:57:32.157,73,12.358025,11.318796,5.875282
11391,VAST_0532-50A,2,05:28:59.419,-50:37:04.44,2020-01-17 13:45:35.521,2020-01-17 13:57:32.157,73,14.083491,11.001783,4.121932
11391,VAST_0532-50A,3,05:35:36.581,-50:37:04.44,2020-01-17 13:45:35.521,2020-01-17 13:57:32.157,73,12.602378,11.379222,4.914470
11391,VAST_0532-50A,4,05:22:47.455,-48:29:44.34,2020-01-17 13:45:35.521,2020-01-17 13:57:32.157,73,12.549223,11.488429,15.458552
11391,VAST_0532-50A,5,05:29:07.783,-48:31:04.58,2020-01-17 13:45:35.521,2020-01-17 13:57:32.157,73,14.014052,11.170171,4.503906
11391,VAST_0532-50A,6,05:35:28.217,-48:31:04.58,2020-01-17 13:45:35.521,2020-01-17 13:57:32.157,73,12.505792,11.541770,7.461399
11391,VAST_0532-50A,7,05:41:48.545,-48:29:44.34,2020-01-17 13:45:35.521,2020-01-17 13:57:32.157,73,12.488266,11.557635,3.099371
11391,VAST_0532-50A,8,05:42:00.713,-49:32:42.9,2020-01-17 13:45:35.521,2020-01-17 13:57:32.157,73,12.601445,11.553334,2.225173
11391,VAST_0532-50A,9,05:42:13.613,-50:35:40.7,2020-01-17 13:45:35.521,2020-01-17 13:57:32.157,73,12.720165,11.550613,1.444077
11391,VAST_0532-50A,10,05:42:27.31,-51:38:38.98,2020-01-17 13:45:35.521,2020-01-17 13:57:32.157,73,14.386942,11.180770,-0.806337
11391,VAST_0532-50A,11,05:35:41.15,-51:40:04.69,2020-01-17 13:45:35.521,2020-01-17 13:57:32.157,73,12.843074,11.506282,4.740155
11391,VAST_0532-50A,12,05:28:54.85,-51:40:04.69,2020-01-17 13:45:35.521,2020-01-17 13:57:32.157,73,12.859073,11.488838,8.299936
11391,VAST_0532-50A,13,05:22:08.69,-51:38:38.98,2020-01-17 13:45:35.521,2020-01-17 13:57:32.157,73,12.882871,11.471200,11.939963
11391,VAST_0532-50A,14,05:22:22.387,-50:35:40.7,2020-01-17 13:45:35.521,2020-01-17 13:57:32.157,73,12.596534,11.353471,11.743888
11391,VAST_0532-50A,15,05:22:35.287,-49:32:42.9,2020-01-17 13:45:35.521,2020-01-17 13:57:32.157,73,12.646895,11.480047,13.996780
11391,VAST_0532-50A,16,05:16:46.562,-47:24:06.37,2020-01-17 13:45:35.521,2020-01-17 13:57:32.157,73,12.462861,11.449468,20.593630
11391,VAST_0532-50A,17,05:22:58.946,-47:26:43.69,2020-01-17 13:45:35.521,2020-01-17 13:57:32.157,73,12.454719,11.500118,17.149196
11391,VAST_0532-50A,18,05:29:11.616,-47:28:02.39,2020-01-17 13:45:35.521,2020-01-17 13:57:32.157,73,13.905841,11.184846,4.986758
11391,VAST_0532-50A,19,05:35:24.384,-47:28:02.39,2020-01-17 13:45:35.521,2020-01-17 13:57:32.157,73,12.403270,11.546074,8.852538
11391,VAST_0532-50A,20,05:41:37.054,-47:26:43.69,2020-01-17 13:45:35.521,2020-01-17 13:57:32.157,73,12.386888,11.575251,4.462362
11391,VAST_0532-50A,21,05:47:49.438,-47:24:06.37,2020-01-17 13:45:35.521,2020-01-17 13:57:32.157,73,12.427213,11.468863,1.962120
11391,VAST_0532-50A,22,05:48:08.558,-48:27:03.85,2020-01-17 13:45:35.521,2020-01-17 13:57:32.157,73,12.539054,11.461072,1.069790
11391,VAST_0532-50A,23,05:48:28.802,-49:29:59.06,2020-01-17 13:45:35.521,2020-01-17 13:57:32.157,73,14.127285,11.215343,-2.523695
11391,VAST_0532-50A,24,05:48:50.261,-50:32:53.27,2020-01-17 13:45:35.521,2020-01-17 13:57:32.157,73,14.083248,11.059637,-2.700758
11391,VAST_0532-50A,25,05:49:13.039,-51:35:47.65,2020-01-17 13:45:35.521,2020-01-17 13:57:32.157,73,12.586893,11.340747,-3.621711
11391,VAST_0532-50A,26,05:49:37.258,-52:38:43.44,2020-01-17 13:45:35.521,2020-01-17 13:57:32.157,73,12.831570,11.389229,-4.264749
11391,VAST_0532-50A,27,05:42:41.87,-52:41:39.01,2020-01-17 13:45:35.521,2020-01-17 13:57:32.157,73,12.841576,11.379270,-0.388422
11391,VAST_0532-50A,28,05:35:46.01,-52:43:06.82,2020-01-17 13:45:35.521,2020-01-17 13:57:32.157,73,12.720917,11.288833,3.715154
11391,VAST_0532-50A,29,05:28:49.99,-52:43:06.82,2020-01-17 13:45:35.521,2020-01-17 13:57:32.157,73,12.875600,11.411242,7.903803
11391,VAST_0532-50A,30,05:21:54.13,-52:41:39.01,2020-01-17 13:45:35.521,2020-01-17 13:57:32.157,73,12.990328,11.446265,11.017747
11391,VAST_0532-50A,31,05:14:58.742,-52:38:43.44,2020-01-17 13:45:35.521,2020-01-17 13:57:32.157,73,12.846493,11.305886,13.566914
11391,VAST_0532-50A,32,05:15:22.961,-51:35:47.65,2020-01-17 13:45:35.521,2020-01-17 13:57:32.157,73,12.887599,11.424292,15.307751
11391,VAST_0532-50A,33,05:15:45.739,-50:32:53.27,2020-01-17 13:45:35.521,2020-01-17 13:57:32.157,73,12.614971,11.321928,15.370023
11391,VAST_0532-50A,34,05:16:07.198,-49:29:59.06,2020-01-17 13:45:35.521,2020-01-17 13:57:32.157,73,12.579933,11.391754,18.405659
11391,VAST_0532-50A,35,05:16:27.442,-48:27:03.85,2020-01-17 13:45:35.521,2020-01-17 13:57:32.157,73,12.573198,11.457993,19.160048
11392,VAST_0455-50A,0,04:52:08.724,-49:34:04.84,2020-01-17 14:00:31.316,2020-01-17 14:12:27.953,73,14.153981,10.905280,22.023162
11392,VAST_0455-50A,1,04:58:37.277,-49:34:04.84,2020-01-17 14:00:31.316,2020-01-17 14:12:27.953,73,12.668026,11.079467,32.584722
11392,VAST_0455-50A,2,04:52:04.418,-50:37:04.44,2020-01-17 14:00:31.316,2020-01-17 14:12:27.953,73,14.283358,10.904169,21.526790
11392,VAST_0455-50A,3,04:58:41.58,-50:37:04.44,2020-01-17 14:00:31.316,2020-01-17 14:12:27.953,73,12.870565,11.154423,30.172550
11392,VAST_0455-50A,4,04:45:52.454,-48:29:44.34,2020-01-17 14:00:31.316,2020-01-17 14:12:27.953,73,12.964475,11.240361,38.748393
11392,VAST_0455-50A,5,04:52:12.782,-48:31:04.58,2020-01-17 14:00:31.316,2020-01-17 14:12:27.953,73,14.203116,11.068382,22.111375
11392,VAST_0455-50A,6,04:58:33.216,-48:31:04.58,2020-01-17 14:00:31.316,2020-01-17 14:12:27.953,73,12.822681,11.291078,33.945739
11392,VAST_0455-50A,7,05:04:53.546,-48:29:44.34,2020-01-17 14:00:31.316,2020-01-17 14:12:27.953,73,12.762494,11.319447,31.380151
11392,VAST_0455-50A,8,05:05:05.714,-49:32:42.9,2020-01-17 14:00:31.316,2020-01-17 14:12:27.953,73,12.847066,11.311099,29.682335
11392,VAST_0455-50A,9,05:05:18.614,-50:35:40.7,2020-01-17 14:00:31.316,2020-01-17 14:12:27.953,73,12.960717,11.333654,28.213659
11392,VAST_0455-50A,10,05:05:32.309,-51:38:38.98,2020-01-17 14:00:31.316,2020-01-17 14:12:27.953,73,14.508756,11.070973,16.811677
11392,VAST_0455-50A,11,04:58:46.15,-51:40:04.69,2020-01-17 14:00:31.316,2020-01-17 14:12:27.953,73,13.131225,11.297445,29.501526
11392,VAST_0455-50A,12,04:51:59.849,-51:40:04.69,2020-01-17 14:00:31.316,2020-01-17 14:12:27.953,73,13.194386,11.275219,32.088363
11392,VAST_0455-50A,13,04:45:13.692,-51:38:38.98,2020-01-17 14:00:31.316,2020-01-17 14:12:27.953,73,13.273942,11.252860,34.662568
11392,VAST_0455-50A,14,04:45:27.386,-50:35:40.7,2020-01-17 14:00:31.316,2020-01-17 14:12:27.953,73,12.990880,11.144438,35.693339
11392,VAST_0455-50A,15,04:45:40.286,-49:32:42.9,2020-01-17 14:00:31.316,2020-01-17 14:12:27.953,73,13.055959,11.247924,37.312778
11392,VAST_0455-50A,16,04:39:51.562,-47:24:06.37,2020-01-17 14:00:31.316,2020-01-17 14:12:27.953,73,12.942413,11.205905,42.561816
11392,VAST_0455-50A,17,04:46:03.946,-47:26:43.69,2020-01-17 14:00:31.316,2020-01-17 14:12:27.953,73,12.878782,11.236057,40.424814
11392,VAST_0455-50A,18,04:52:16.618,-47:28:02.39,2020-01-17 14:00:31.316,2020-01-17 14:12:27.953,73,14.106687,11.086935,22.623259
11392,VAST_0455-50A,19,04:58:29.383,-47:28:02.39,2020-01-17 14:00:31.316,2020-01-17 14:12:27.953,73,12.746234,11.295140,35.659231
11392,VAST_0455-50A,20,05:04:42.053,-47:26:43.69,2020-01-17 14:00:31.316,2020-01-17 14:12:27.953,73,12.670451,11.311506,33.302387
11392,VAST_0455-50A,21,05:10:54.437,-47:24:06.37,2020-01-17 14:00:31.316,2020-01-17 14:12:27.953,73,12.676474,11.217489,29.347888
11392,VAST_0455-50A,22,05:11:13.558,-48:27:03.85,2020-01-17 14:00:31.316,2020-01-17 14:12:27.953,73,12.781371,11.224711,27.751022
11392,VAST_0455-50A,23,05:11:33.802,-49:29:59.06,2020-01-17 14:00:31.316,2020-01-17 14:12:27.953,73,14.221134,11.103190,15.431706
11392,VAST_0455-50A,24,05:11:55.26,-50:32:53.27,2020-01-17 14:00:31.316,2020-01-17 14:12:27.953,73,14.172593,10.943840,15.201057
11392,VAST_0455-50A,25,05:12:18.038,-51:35:47.65,2020-01-17 14:00:31.316,2020-01-17 14:12:27.953,73,12.758998,11.150418,24.121451
11392,VAST_0455-50A,26,05:12:42.257,-52:38:43.44,2020-01-17 14:00:31.316,2020-01-17 14:12:27.953,73,12.982958,11.214497,21.996619
11392,VAST_0455-50A,27,05:05:46.87,-52:41:39.01,2020-01-17 14:00:31.316,2020-01-17 14:12:27.953,73,13.047701,11.192466,24.882832
11392,VAST_0455-50A,28,04:58:51.01,-52:43:06.82,2020-01-17 14:00:31.316,2020-01-17 14:12:27.953,73,12.990881,11.091185,28.303488
11392,VAST_0455-50A,29,04:51:54.991,-52:43:06.82,2020-01-17 14:00:31.316,2020-01-17 14:12:27.953,73,13.213813,11.207422,31.425174
11392,VAST_0455-50A,30,04:44:59.129,-52:41:39.01,2020-01-17 14:00:31.316,2020-01-17 14:12:27.953,73,13.384951,11.252466,33.454500
11392,VAST_0455-50A,31,04:38:03.744,-52:38:43.44,2020-01-17 14:00:31.316,2020-01-17 14:12:27.953,73,13.269549,11.112726,35.724034
11392,VAST_0455-50A,32,04:38:27.96,-51:35:47.65,2020-01-17 14:00:31.316,2020-01-17 14:12:27.953,73,13.326055,11.213767,37.109350
11392,VAST_0455-50A,33,04:38:50.741,-50:32:53.27,2020-01-17 14:00:31.316,2020-01-17 14:12:27.953,73,13.047521,11.094318,38.154145
11392,VAST_0455-50A,34,04:39:12.199,-49:29:59.06,2020-01-17 14:00:31.316,2020-01-17 14:12:27.953,73,13.033729,11.145520,40.371389
11392,VAST_0455-50A,35,04:39:32.441,-48:27:03.85,2020-01-17 14:00:31.316,2020-01-17 14:12:27.953,73,13.032078,11.210775,41.118072
11397,VAST_0918+00A,0,09:16:31.001,+00:31:29.93,2020-01-17 17:01:50.251,2020-01-17 17:13:46.888,73,13.068370,12.630840,19.825356
11397,VAST_0918+00A,1,09:20:43.001,+00:31:29.93,2020-01-17 17:01:50.251,2020-01-17 17:13:46.888,73,13.438286,11.402171,83.759377
11397,VAST_0918+00A,2,09:16:31.001,-00:31:29.93,2020-01-17 17:01:50.251,2020-01-17 17:13:46.888,73,12.973652,12.587312,20.593550
11397,VAST_0918+00A,3,09:20:43.001,-00:31:29.93,2020-01-17 17:01:50.251,2020-01-17 17:13:46.888,73,13.477251,11.441387,83.862589
11397,VAST_0918+00A,4,09:12:18.83,+01:34:30.4,2020-01-17 17:01:50.251,2020-01-17 17:13:46.888,73,13.573803,11.655719,79.074148
11397,VAST_0918+00A,5,09:16:30.958,+01:34:30.4,2020-01-17 17:01:50.251,2020-01-17 17:13:46.888,73,13.374472,12.720322,18.716901
11397,VAST_0918+00A,6,09:20:43.042,+01:34:30.4,2020-01-17 17:01:50.251,2020-01-17 17:13:46.888,73,13.683309,11.744160,80.979747
11397,VAST_0918+00A,7,09:24:55.169,+01:34:30.4,2020-01-17 17:01:50.251,2020-01-17 17:13:46.888,73,13.753381,11.788088,81.989242
11397,VAST_0918+00A,8,09:24:55.042,+00:31:29.93,2020-01-17 17:01:50.251,2020-01-17 17:13:46.888,73,13.743690,11.666967,82.797900
11397,VAST_0918+00A,9,09:24:55.042,-00:31:29.93,2020-01-17 17:01:50.251,2020-01-17 17:13:46.888,73,13.693563,11.568409,83.132899
11397,VAST_0918+00A,10,09:24:55.169,-01:34:30.4,2020-01-17 17:01:50.251,2020-01-17 17:13:46.888,73,13.093080,12.703169,13.579871
11397,VAST_0918+00A,11,09:20:43.042,-01:34:30.4,2020-01-17 17:01:50.251,2020-01-17 17:13:46.888,73,13.389672,11.497004,80.903414
11397,VAST_0918+00A,12,09:16:30.958,-01:34:30.4,2020-01-17 17:01:50.251,2020-01-17 17:13:46.888,73,13.342309,11.483964,80.131324
11397,VAST_0918+00A,13,09:12:18.83,-01:34:30.4,2020-01-17 17:01:50.251,2020-01-17 17:13:46.888,73,13.284513,11.475059,79.112570
11397,VAST_0918+00A,14,09:12:18.958,-00:31:29.93,2020-01-17 17:01:50.251,2020-01-17 17:13:46.888,73,13.404631,11.352142,81.965053
11397,VAST_0918+00A,15,09:12:18.958,+00:31:29.93,2020-01-17 17:01:50.251,2020-01-17 17:13:46.888,73,13.576877,11.556150,80.249235
11397,VAST_0918+00A,16,09:08:06.151,+02:37:32.77,2020-01-17 17:01:50.251,2020-01-17 17:13:46.888,73,13.552732,11.768419,76.704918
11397,VAST_0918+00A,17,09:12:18.576,+02:37:32.77,2020-01-17 17:01:50.251,2020-01-17 17:13:46.888,73,13.601994,11.813421,77.539463
11397,VAST_0918+00A,18,09:16:30.874,+02:37:32.77,2020-01-17 17:01:50.251,2020-01-17 17:13:46.888,73,13.587339,12.756780,16.490890
11397,VAST_0918+00A,19,09:20:43.128,+02:37:32.77,2020-01-17 17:01:50.251,2020-01-17 17:13:46.888,73,13.704075,11.901015,79.806312
11397,VAST_0918+00A,20,09:24:55.423,+02:37:32.77,2020-01-17 17:01:50.251,2020-01-17 17:13:46.888,73,13.768372,11.937566,81.128194
11397,VAST_0918+00A,21,09:29:07.848,+02:37:32.77,2020-01-17 17:01:50.251,2020-01-17 17:13:46.888,73,13.598898,11.924542,79.822643
11397,VAST_0918+00A,22,09:29:07.423,+01:34:30.4,2020-01-17 17:01:50.251,2020-01-17 17:13:46.888,73,13.601411,11.799034,80.937881
11397,VAST_0918+00A,23,09:29:07.212,+00:31:29.93,2020-01-17 17:01:50.251,2020-01-17 17:13:46.888,73,13.298057,13.055831,-2.146240
11397,VAST_0918+00A,24,09:29:07.212,-00:31:29.93,2020-01-17 17:01:50.251,2020-01-17 17:13:46.888,73,13.032958,12.896025,-22.671353
11397,VAST_0918+00A,25,09:29:07.423,-01:34:30.4,2020-01-17 17:01:50.251,2020-01-17 17:13:46.888,73,13.344832,11.317668,84.605760
11397,VAST_0918+00A,26,09:29:07.848,-02:37:32.77,2020-01-17 17:01:50.251,2020-01-17 17:13:46.888,73,13.223024,11.414756,83.252516
11397,VAST_0918+00A,27,09:24:55.423,-02:37:32.77,2020-01-17 17:01:50.251,2020-01-17 17:13:46.888,73,13.146299,11.407910,82.170780
11397,VAST_0918+00A,28,09:20:43.128,-02:37:32.77,2020-01-17 17:01:50.251,2020-01-17 17:13:46.888,73,12.981356,11.263770,81.145051
11397,VAST_0918+00A,29,09:16:30.874,-02:37:32.77,2020-01-17 17:01:50.251,2020-01-17 17:13:46.888,73,13.064772,11.346210,78.708956
11397,VAST_0918+00A,30,09:12:18.576,-02:37:32.77,2020-01-17 17:01:50.251,2020-01-17 17:13:46.888,73,13.112239,11.450460,77.819665
11397,VAST_0918+00A,31,09:08:06.151,-02:37:32.77,2020-01-17 17:01:50.251,2020-01-17 17:13:46.888,73,12.954112,11.282499,78.872249
11397,VAST_0918+00A,32,09:08:06.576,-01:34:30.4,2020-01-17 17:01:50.251,2020-01-17 17:13:46.888,73,13.243537,11.454140,78.319106
11397,VAST_0918+00A,33,09:08:06.787,-00:31:29.93,2020-01-17 17:01:50.251,2020-01-17 17:13:46.888,73,13.378668,11.327188,81.225838
11397,VAST_0918+00A,34,09:08:06.787,+00:31:29.93,2020-01-17 17:01:50.251,2020-01-17 17:13:46.888,73,13.446786,11.392937,79.728278
11397,VAST_0918+00A,35,09:08:06.576,+01:34:30.4,2020-01-17 17:01:50.251,2020-01-17 17:13:46.888,73,13.552360,11.638137,78.194216
11406,VAST_1147+00A,0,11:45:28.999,+00:31:29.93,2020-01-17 19:15:42.548,2020-01-17 19:27:29.231,72,13.120532,12.797703,-35.019431
11406,VAST_1147+00A,1,11:49:40.999,+00:31:29.93,2020-01-17 19:15:42.548,2020-01-17 19:27:29.231,72,13.647398,11.396070,89.369829
11406,VAST_1147+00A,2,11:45:28.999,-00:31:29.93,2020-01-17 19:15:42.548,2020-01-17 19:27:29.231,72,13.008009,12.698628,-45.102316
11406,VAST_1147+00A,3,11:49:40.999,-00:31:29.93,2020-01-17 19:15:42.548,2020-01-17 19:27:29.231,72,13.717828,11.415620,88.717446
11406,VAST_1147+00A,4,11:41:16.831,+01:34:30.4,2020-01-17 19:15:42.548,2020-01-17 19:27:29.231,72,13.664798,11.660234,83.877133
11406,VAST_1147+00A,5,11:45:28.958,+01:34:30.4,2020-01-17 19:15:42.548,2020-01-17 19:27:29.231,72,13.346255,12.989531,-15.664071
11406,VAST_1147+00A,6,11:49:41.042,+01:34:30.4,2020-01-17 19:15:42.548,2020-01-17 19:27:29.231,72,13.864989,11.745307,86.572020
11406,VAST_1147+00A,7,11:53:53.17,+01:34:30.4,2020-01-17 19:15:42.548,2020-01-17 19:27:29.231,72,13.942604,11.802596,87.866343
11406,VAST_1147+00A,8,11:53:53.042,+00:31:29.93,2020-01-17 19:15:42.548,2020-01-17 19:27:29.231,72,13.990208,11.655137,88.617716
11406,VAST_1147+00A,9,11:53:53.042,-00:31:29.93,2020-01-17 19:15:42.548,2020-01-17 19:27:29.231,72,13.929648,11.554435,88.189747
11406,VAST_1147+00A,10,11:53:53.17,-01:34:30.4,2020-01-17 19:15:42.548,2020-01-17 19:27:29.231,72,13.201171,12.783096,-47.633067
11406,VAST_1147+00A,11,11:49:41.042,-01:34:30.4,2020-01-17 19:15:42.548,2020-01-17 19:27:29.231,72,13.601292,11.431745,86.242276
11406,VAST_1147+00A,12,11:45:28.958,-01:34:30.4,2020-01-17 19:15:42.548,2020-01-17 19:27:29.231,72,13.477876,11.409051,85.507681
11406,VAST_1147+00A,13,11:41:16.831,-01:34:30.4,2020-01-17 19:15:42.548,2020-01-17 19:27:29.231,72,13.361530,11.393116,84.432262
11406,VAST_1147+00A,14,11:41:16.958,-00:31:29.93,2020-01-17 19:15:42.548,2020-01-17 19:27:29.231,72,13.557874,11.301195,86.738995
11406,VAST_1147+00A,15,11:41:16.958,+00:31:29.93,2020-01-17 19:15:42.548,2020-01-17 19:27:29.231,72,13.675629,11.536317,84.969842
11406,VAST_1147+00A,16,11:37:04.152,+02:37:32.77,2020-01-17 19:15:42.548,2020-01-17 19:27:29.231,72,13.634066,11.776982,81.859505
11406,VAST_1147+00A,17,11:41:16.577,+02:37:32.77,2020-01-17 19:15:42.548,2020-01-17 19:27:29.231,72,13.696181,11.816236,82.968373
11406,VAST_1147+00A,18,11:45:28.872,+02:37:32.77,2020-01-17 19:15:42.548,2020-01-17 19:27:29.231,72,13.510068,12.992406,-7.499028
11406,VAST_1147+00A,19,11:49:41.126,+02:37:32.77,2020-01-17 19:15:42.548,2020-01-17 19:27:29.231,72,13.798484,11.897711,85.124035
11406,VAST_1147+00A,20,11:53:53.424,+02:37:32.77,2020-01-17 19:15:42.548,2020-01-17 19:27:29.231,72,13.835148,11.946330,86.257757
11406,VAST_1147+00A,21,11:58:05.849,+02:37:32.77,2020-01-17 19:15:42.548,2020-01-17 19:27:29.231,72,13.658120,11.954362,85.817883
11406,VAST_1147+00A,22,11:58:05.424,+01:34:30.4,2020-01-17 19:15:42.548,2020-01-17 19:27:29.231,72,13.737831,11.812063,88.116324
11406,VAST_1147+00A,23,11:58:05.213,+00:31:29.93,2020-01-17 19:15:42.548,2020-01-17 19:27:29.231,72,13.727715,12.948714,-48.116032
11406,VAST_1147+00A,24,11:58:05.213,-00:31:29.93,2020-01-17 19:15:42.548,2020-01-17 19:27:29.231,72,13.554959,12.683638,-52.416982
11406,VAST_1147+00A,25,11:58:05.424,-01:34:30.4,2020-01-17 19:15:42.548,2020-01-17 19:27:29.231,72,13.681162,11.254672,-89.613527
11406,VAST_1147+00A,26,11:58:05.849,-02:37:32.77,2020-01-17 19:15:42.548,2020-01-17 19:27:29.231,72,13.498965,11.337571,89.213604
11406,VAST_1147+00A,27,11:53:53.424,-02:37:32.77,2020-01-17 19:15:42.548,2020-01-17 19:27:29.231,72,13.356725,11.321977,88.873482
11406,VAST_1147+00A,28,11:49:41.126,-02:37:32.77,2020-01-17 19:15:42.548,2020-01-17 19:27:29.231,72,13.166647,11.193726,87.652532
11406,VAST_1147+00A,29,11:45:28.872,-02:37:32.77,2020-01-17 19:15:42.548,2020-01-17 19:27:29.231,72,13.159646,11.263503,84.555308
11406,VAST_1147+00A,30,11:41:16.577,-02:37:32.77,2020-01-17 19:15:42.548,2020-01-17 19:27:29.231,72,13.144653,11.355440,83.034127
11406,VAST_1147+00A,31,11:37:04.152,-02:37:32.77,2020-01-17 19:15:42.548,2020-01-17 19:27:29.231,72,12.967866,11.208390,84.568249
11406,VAST_1147+00A,32,11:37:04.577,-01:34:30.4,2020-01-17 19:15:42.548,2020-01-17 19:27:29.231,72,13.272666,11.359881,83.305810
11406,VAST_1147+00A,33,11:37:04.788,-00:31:29.93,2020-01-17 19:15:42.548,2020-01-17 19:27:29.231,72,13.464985,11.280358,85.957269
11406,VAST_1147+00A,34,11:37:04.788,+00:31:29.93,2020-01-17 19:15:42.548,2020-01-17 19:27:29.231,72,13.514127,11.373931,84.128909
11406,VAST_1147+00A,35,11:37:04.577,+01:34:30.4,2020-01-17 19:15:42.548,2020-01-17 19:27:29.231,72,13.615510,11.630682,82.708564
11424,VAST_2004+00A,0,20:02:01.999,+00:31:29.93,2020-01-18 03:46:08.791,2020-01-18 03:58:05.427,73,13.096150,12.618825,20.567194
11424,VAST_2004+00A,1,20:06:13.999,+00:31:29.93,2020-01-18 03:46:08.791,2020-01-18 03:58:05.427,73,13.426752,11.412488,83.631918
11424,VAST_2004+00A,2,20:02:01.999,-00:31:29.93,2020-01-18 03:46:08.791,2020-01-18 03:58:05.427,73,12.990479,12.604805,24.179369
11424,VAST_2004+00A,3,20:06:13.999,-00:31:29.93,2020-01-18 03:46:08.791,2020-01-18 03:58:05.427,73,13.499930,11.446262,84.027055
11424,VAST_2004+00A,4,19:57:49.831,+01:34:30.4,2020-01-18 03:46:08.791,2020-01-18 03:58:05.427,73,13.576571,11.685814,78.814056
11424,VAST_2004+00A,5,20:02:01.958,+01:34:30.4,2020-01-18 03:46:08.791,2020-01-18 03:58:05.427,73,13.415810,12.719486,19.122513
11424,VAST_2004+00A,6,20:06:14.042,+01:34:30.4,2020-01-18 03:46:08.791,2020-01-18 03:58:05.427,73,13.674014,11.763724,80.822316
11424,VAST_2004+00A,7,20:10:26.17,+01:34:30.4,2020-01-18 03:46:08.791,2020-01-18 03:58:05.427,73,13.749643,11.808881,81.781037
11424,VAST_2004+00A,8,20:10:26.042,+00:31:29.93,2020-01-18 03:46:08.791,2020-01-18 03:58:05.427,73,13.728698,11.669549,82.751614
11424,VAST_2004+00A,9,20:10:26.042,-00:31:29.93,2020-01-18 03:46:08.791,2020-01-18 03:58:05.427,73,13.697397,11.574288,83.231121
11424,VAST_2004+00A,10,20:10:26.17,-01:34:30.4,2020-01-18 03:46:08.791,2020-01-18 03:58:05.427,73,13.108888,12.709939,14.526992
11424,VAST_2004+00A,11,20:06:14.042,-01:34:30.4,2020-01-18 03:46:08.791,2020-01-18 03:58:05.427,73,13.433357,11.516750,81.083927
11424,VAST_2004+00A,12,20:02:01.958,-01:34:30.4,2020-01-18 03:46:08.791,2020-01-18 03:58:05.427,73,13.352625,11.497890,80.142110
11424,VAST_2004+00A,13,19:57:49.831,-01:34:30.4,2020-01-18 03:46:08.791,2020-01-18 03:58:05.427,73,13.322445,11.493663,79.246261
11424,VAST_2004+00A,14,19:57:49.958,-00:31:29.93,2020-01-18 03:46:08.791,2020-01-18 03:58:05.427,73,13.447837,11.366027,82.200473
11424,VAST_2004+00A,15,19:57:49.958,+00:31:29.93,2020-01-18 03:46:08.791,2020-01-18 03:58:05.427,73,13.575452,11.562753,80.151857
11424,VAST_2004+00A,16,19:53:37.152,+02:37:32.77,2020-01-18 03:46:08.791,2020-01-18 03:58:05.427,73,13.565193,11.815137,76.771684
11424,VAST_2004+00A,17,19:57:49.577,+02:37:32.77,2020-01-18 03:46:08.791,2020-01-18 03:58:05.427,73,13.610750,11.841420,77.306319
11424,VAST_2004+00A,18,20:02:01.872,+02:37:32.77,2020-01-18 03:46:08.791,2020-01-18 03:58:05.427,73,13.621382,12.746313,16.668602
11424,VAST_2004+00A,19,20:06:14.126,+02:37:32.77,2020-01-18 03:46:08.791,2020-01-18 03:58:05.427,73,13.703945,11.932457,79.486204
11424,VAST_2004+00A,20,20:10:26.424,+02:37:32.77,2020-01-18 03:46:08.791,2020-01-18 03:58:05.427,73,13.777609,11.964475,80.839140
11424,VAST_2004+00A,21,20:14:38.849,+02:37:32.77,2020-01-18 03:46:08.791,2020-01-18 03:58:05.427,73,13.608077,11.972901,79.332986
11424,VAST_2004+00A,22,20:14:38.424,+01:34:30.4,2020-01-18 03:46:08.791,2020-01-18 03:58:05.427,73,13.595351,11.825280,80.693916
11424,VAST_2004+00A,23,20:14:38.213,+00:31:29.93,2020-01-18 03:46:08.791,2020-01-18 03:58:05.427,73,13.315708,13.040526,1.526205
11424,VAST_2004+00A,24,20:14:38.213,-00:31:29.93,2020-01-18 03:46:08.791,2020-01-18 03:58:05.427,73,13.039553,12.887262,-15.679836
11424,VAST_2004+00A,25,20:14:38.424,-01:34:30.4,2020-01-18 03:46:08.791,2020-01-18 03:58:05.427,73,13.383544,11.331400,84.838422
11424,VAST_2004+00A,26,20:14:38.849,-02:37:32.77,2020-01-18 03:46:08.791,2020-01-18 03:58:05.427,73,13.246897,11.423874,83.399863
11424,VAST_2004+00A,27,20:10:26.424,-02:37:32.77,2020-01-18 03:46:08.791,2020-01-18 03:58:05.427,73,13.172252,11.421538,82.341738
11424,VAST_2004+00A,28,20:06:14.126,-02:37:32.77,2020-01-18 03:46:08.791,2020-01-18 03:58:05.427,73,13.014630,11.287034,81.274092
11424,VAST_2004+00A,29,20:02:01.872,-02:37:32.77,2020-01-18 03:46:08.791,2020-01-18 03:58:05.427,73,13.093543,11.362035,78.878935
11424,VAST_2004+00A,30,19:57:49.577,-02:37:32.77,2020-01-18 03:46:08.791,2020-01-18 03:58:05.427,73,13.131052,11.456078,78.044931
11424,VAST_2004+00A,31,19:53:37.152,-02:37:32.77,2020-01-18 03:46:08.791,2020-01-18 03:58:05.427,73,12.978193,11.298383,79.018966
11424,VAST_2004+00A,32,19:53:37.577,-01:34:30.4,2020-01-18 03:46:08.791,2020-01-18 03:58:05.427,73,13.259898,11.467883,78.414262
11424,VAST_2004+00A,33,19:53:37.788,-00:31:29.93,2020-01-18 03:46:08.791,2020-01-18 03:58:05.427,73,13.399260,11.345346,81.336222
11424,VAST_2004+00A,34,19:53:37.788,+00:31:29.93,2020-01-18 03:46:08.791,2020-01-18 03:58:05.427,73,13.438453,11.399186,79.518593
11424,VAST_2004+00A,35,19:53:37.577,+01:34:30.4,2020-01-18 03:46:08.791,2020-01-18 03:58:05.427,73,13.551373,11.658020,77.939404
11425,VAST_2028+00A,0,20:26:52.001,+00:31:29.93,2020-01-18 04:00:34.726,2020-01-18 04:12:31.362,73,13.144218,12.865997,-2.723772
11425,VAST_2028+00A,1,20:31:04.001,+00:31:29.93,2020-01-18 04:00:34.726,2020-01-18 04:12:31.362,73,13.642547,11.513003,86.224489
11425,VAST_2028+00A,2,20:26:52.001,-00:31:29.93,2020-01-18 04:00:34.726,2020-01-18 04:12:31.362,73,12.997700,12.835123,-8.756557
11425,VAST_2028+00A,3,20:31:04.001,-00:31:29.93,2020-01-18 04:00:34.726,2020-01-18 04:12:31.362,73,13.702342,11.523063,86.558518
11425,VAST_2028+00A,4,20:22:39.83,+01:34:30.4,2020-01-18 04:00:34.726,2020-01-18 04:12:31.362,73,13.720896,11.788971,81.287132
11425,VAST_2028+00A,5,20:26:51.958,+01:34:30.4,2020-01-18 04:00:34.726,2020-01-18 04:12:31.362,73,13.465577,12.988419,6.448520
11425,VAST_2028+00A,6,20:31:04.042,+01:34:30.4,2020-01-18 04:00:34.726,2020-01-18 04:12:31.362,73,13.875603,11.877369,83.537876
11425,VAST_2028+00A,7,20:35:16.169,+01:34:30.4,2020-01-18 04:00:34.726,2020-01-18 04:12:31.362,73,13.972381,11.923199,84.678303
11425,VAST_2028+00A,8,20:35:16.042,+00:31:29.93,2020-01-18 04:00:34.726,2020-01-18 04:12:31.362,73,13.967892,11.784012,85.508630
11425,VAST_2028+00A,9,20:35:16.042,-00:31:29.93,2020-01-18 04:00:34.726,2020-01-18 04:12:31.362,73,13.935531,11.663631,85.681507
11425,VAST_2028+00A,10,20:35:16.169,-01:34:30.4,2020-01-18 04:00:34.726,2020-01-18 04:12:31.362,73,13.160760,12.989706,-22.922191
11425,VAST_2028+00A,11,20:31:04.042,-01:34:30.4,2020-01-18 04:00:34.726,2020-01-18 04:12:31.362,73,13.638401,11.564060,83.748049
11425,VAST_2028+00A,12,20:26:51.958,-01:34:30.4,2020-01-18 04:00:34.726,2020-01-18 04:12:31.362,73,13.549033,11.527568,82.844093
11425,VAST_2028+00A,13,20:22:39.83,-01:34:30.4,2020-01-18 04:00:34.726,2020-01-18 04:12:31.362,73,13.459777,11.521484,81.731159
11425,VAST_2028+00A,14,20:22:39.958,-00:31:29.93,2020-01-18 04:00:34.726,2020-01-18 04:12:31.362,73,13.579929,11.420079,84.355081
11425,VAST_2028+00A,15,20:22:39.958,+00:31:29.93,2020-01-18 04:00:34.726,2020-01-18 04:12:31.362,73,13.707534,11.654735,82.374687
11425,VAST_2028+00A,16,20:18:27.151,+02:37:32.77,2020-01-18 04:00:34.726,2020-01-18 04:12:31.362,73,13.673843,11.890538,79.020570
11425,VAST_2028+00A,17,20:22:39.576,+02:37:32.77,2020-01-18 04:00:34.726,2020-01-18 04:12:31.362,73,13.741528,11.947683,80.116557
11425,VAST_2028+00A,18,20:26:51.874,+02:37:32.77,2020-01-18 04:00:34.726,2020-01-18 04:12:31.362,73,13.683781,13.011073,6.767265
11425,VAST_2028+00A,19,20:31:04.128,+02:37:32.77,2020-01-18 04:00:34.726,2020-01-18 04:12:31.362,73,13.878929,12.043655,82.107225
11425,VAST_2028+00A,20,20:35:16.423,+02:37:32.77,2020-01-18 04:00:34.726,2020-01-18 04:12:31.362,73,13.948227,12.082099,82.879821
11425,VAST_2028+00A,21,20:39:28.848,+02:37:32.77,2020-01-18 04:00:34.726,2020-01-18 04:12:31.362,73,13.779641,12.087356,81.619563
11425,VAST_2028+00A,22,20:39:28.423,+01:34:30.4,2020-01-18 04:00:34.726,2020-01-18 04:12:31.362,73,13.816807,11.944057,83.723113
11425,VAST_2028+00A,23,20:39:28.212,+00:31:29.93,2020-01-18 04:00:34.726,2020-01-18 04:12:31.362,73,13.583147,13.217475,-34.992956
11425,VAST_2028+00A,24,20:39:28.212,-00:31:29.93,2020-01-18 04:00:34.726,2020-01-18 04:12:31.362,73,13.409860,12.958290,-48.565793
11425,VAST_2028+00A,25,20:39:28.423,-01:34:30.4,2020-01-18 04:00:34.726,2020-01-18 04:12:31.362,73,13.665268,11.381898,87.573677
11425,VAST_2028+00A,26,20:39:28.848,-02:37:32.77,2020-01-18 04:00:34.726,2020-01-18 04:12:31.362,73,13.518512,11.468970,86.259908
11425,VAST_2028+00A,27,20:35:16.423,-02:37:32.77,2020-01-18 04:00:34.726,2020-01-18 04:12:31.362,73,13.402806,11.459542,85.138695
11425,VAST_2028+00A,28,20:31:04.128,-02:37:32.77,2020-01-18 04:00:34.726,2020-01-18 04:12:31.362,73,13.210853,11.321442,83.851194
11425,VAST_2028+00A,29,20:26:51.874,-02:37:32.77,2020-01-18 04:00:34.726,2020-01-18 04:12:31.362,73,13.239818,11.388269,81.162440
11425,VAST_2028+00A,30,20:22:39.576,-02:37:32.77,2020-01-18 04:00:34.726,2020-01-18 04:12:31.362,73,13.261247,11.491619,80.317233
11425,VAST_2028+00A,31,20:18:27.151,-02:37:32.77,2020-01-18 04:00:34.726,2020-01-18 04:12:31.362,73,13.095164,11.339185,81.245998
11425,VAST_2028+00A,32,20:18:27.576,-01:34:30.4,2020-01-18 04:00:34.726,2020-01-18 04:12:31.362,73,13.392234,11.492214,80.745977
11425,VAST_2028+00A,33,20:18:27.787,-00:31:29.93,2020-01-18 04:00:34.726,2020-01-18 04:12:31.362,73,13.521745,11.390449,83.596651
11425,VAST_2028+00A,34,20:18:27.787,+00:31:29.93,2020-01-18 04:00:34.726,2020-01-18 04:12:31.362,73,13.544587,11.486004,81.456404
11425,VAST_2028+00A,35,20:18:27.576,+01:34:30.4,2020-01-18 04:00:34.726,2020-01-18 04:12:31.362,73,13.657495,11.748396,80.179139
11426,VAST_2004-06A,0,20:02:01.363,-05:46:28.13,2020-01-18 04:15:40.475,2020-01-18 04:27:37.111,73,12.954190,11.682530,22.346453
11426,VAST_2004-06A,1,20:06:14.638,-05:46:28.13,2020-01-18 04:15:40.475,2020-01-18 04:27:37.111,73,12.458597,11.117836,74.637133
11426,VAST_2004-06A,2,20:02:01.106,-06:49:27.95,2020-01-18 04:15:40.475,2020-01-18 04:27:37.111,73,12.920863,11.641765,21.234979
11426,VAST_2004-06A,3,20:06:14.894,-06:49:27.95,2020-01-18 04:15:40.475,2020-01-18 04:27:37.111,73,12.490654,11.223059,73.848300
11426,VAST_2004-06A,4,19:57:48.686,-04:43:20.03,2020-01-18 04:15:40.475,2020-01-18 04:27:37.111,73,12.806311,11.334869,73.266841
11426,VAST_2004-06A,5,20:02:01.577,-04:43:27.66,2020-01-18 04:15:40.475,2020-01-18 04:27:37.111,73,13.150138,11.867959,23.627305
11426,VAST_2004-06A,6,20:06:14.424,-04:43:27.66,2020-01-18 04:15:40.475,2020-01-18 04:27:37.111,73,12.806233,11.351468,73.703924
11426,VAST_2004-06A,7,20:10:27.314,-04:43:20.03,2020-01-18 04:15:40.475,2020-01-18 04:27:37.111,73,12.800711,11.366857,73.855821
11426,VAST_2004-06A,8,20:10:27.953,-05:46:20.5,2020-01-18 04:15:40.475,2020-01-18 04:27:37.111,73,12.709563,11.342219,73.413350
11426,VAST_2004-06A,9,20:10:28.723,-06:49:20.32,2020-01-18 04:15:40.475,2020-01-18 04:27:37.111,73,12.643140,11.326247,73.189003
11426,VAST_2004-06A,10,20:10:29.623,-07:52:20.75,2020-01-18 04:15:40.475,2020-01-18 04:27:37.111,73,13.038535,11.777700,18.389480
11426,VAST_2004-06A,11,20:06:15.194,-07:52:28.45,2020-01-18 04:15:40.475,2020-01-18 04:27:37.111,73,12.571456,11.299681,72.421128
11426,VAST_2004-06A,12,20:02:00.806,-07:52:28.45,2020-01-18 04:15:40.475,2020-01-18 04:27:37.111,73,12.562119,11.278933,72.669944
11426,VAST_2004-06A,13,19:57:46.375,-07:52:20.75,2020-01-18 04:15:40.475,2020-01-18 04:27:37.111,73,12.571228,11.281941,72.457820
11426,VAST_2004-06A,14,19:57:47.278,-06:49:20.32,2020-01-18 04:15:40.475,2020-01-18 04:27:37.111,73,12.518524,11.173430,74.063941
11426,VAST_2004-06A,15,19:57:48.046,-05:46:20.5,2020-01-18 04:15:40.475,2020-01-18 04:27:37.111,73,12.724816,11.317537,73.039215
11426,VAST_2004-06A,16,19:53:36.521,-03:40:02.39,2020-01-18 04:15:40.475,2020-01-18 04:27:37.111,73,12.915007,11.334828,73.690059
11426,VAST_2004-06A,17,19:57:49.195,-03:40:17.65,2020-01-18 04:15:40.475,2020-01-18 04:27:37.111,73,12.916056,11.345663,73.826998
11426,VAST_2004-06A,18,20:02:01.745,-03:40:25.28,2020-01-18 04:15:40.475,2020-01-18 04:27:37.111,73,13.197716,11.927366,25.616687
11426,VAST_2004-06A,19,20:06:14.254,-03:40:25.28,2020-01-18 04:15:40.475,2020-01-18 04:27:37.111,73,12.919318,11.378875,74.372718
11426,VAST_2004-06A,20,20:10:26.803,-03:40:17.65,2020-01-18 04:15:40.475,2020-01-18 04:27:37.111,73,12.911335,11.387836,74.532945
11426,VAST_2004-06A,21,20:14:39.48,-03:40:02.39,2020-01-18 04:15:40.475,2020-01-18 04:27:37.111,73,12.746193,11.345860,71.021866
11426,VAST_2004-06A,22,20:14:40.33,-04:43:04.76,2020-01-18 04:15:40.475,2020-01-18 04:27:37.111,73,12.652190,11.327217,69.912065
11426,VAST_2004-06A,23,20:14:41.395,-05:46:05.2,2020-01-18 04:15:40.475,2020-01-18 04:27:37.111,73,13.079138,11.884412,19.228884
11426,VAST_2004-06A,24,20:14:42.677,-06:49:04.98,2020-01-18 04:15:40.475,2020-01-18 04:27:37.111,73,12.892280,11.711687,17.921553
11426,VAST_2004-06A,25,20:14:44.179,-07:52:05.41,2020-01-18 04:15:40.475,2020-01-18 04:27:37.111,73,12.329601,11.102437,74.284951
11426,VAST_2004-06A,26,20:14:45.902,-08:55:07.72,2020-01-18 04:15:40.475,2020-01-18 04:27:37.111,73,12.351782,11.200203,74.004533
11426,VAST_2004-06A,27,20:10:30.658,-08:55:23.12,2020-01-18 04:15:40.475,2020-01-18 04:27:37.111,73,12.346237,11.187961,73.574390
11426,VAST_2004-06A,28,20:06:15.54,-08:55:30.83,2020-01-18 04:15:40.475,2020-01-18 04:27:37.111,73,12.255778,11.062458,73.603015
11426,VAST_2004-06A,29,20:02:00.461,-08:55:30.83,2020-01-18 04:15:40.475,2020-01-18 04:27:37.111,73,12.404827,11.150681,72.763908
11426,VAST_2004-06A,30,19:57:45.341,-08:55:23.12,2020-01-18 04:15:40.475,2020-01-18 04:27:37.111,73,12.492414,11.252239,72.500803
11426,VAST_2004-06A,31,19:53:30.096,-08:55:07.72,2020-01-18 04:15:40.475,2020-01-18 04:27:37.111,73,12.373653,11.116456,74.068279
11426,VAST_2004-06A,32,19:53:31.822,-07:52:05.41,2020-01-18 04:15:40.475,2020-01-18 04:27:37.111,73,12.573411,11.277437,72.462858
11426,VAST_2004-06A,33,19:53:33.324,-06:49:04.98,2020-01-18 04:15:40.475,2020-01-18 04:27:37.111,73,12.519219,11.166275,73.957348
11426,VAST_2004-06A,34,19:53:34.606,-05:46:05.2,2020-01-18 04:15:40.475,2020-01-18 04:27:37.111,73,12.617366,11.184196,73.260211
11426,VAST_2004-06A,35,19:53:35.671,-04:43:04.76,2020-01-18 04:15:40.475,2020-01-18 04:27:37.111,73,12.816495,11.322757,73.154121
11671,VAST_0408-62A,0,04:03:48.883,-61:58:08.72,2020-01-31 11:01:48.869,2020-01-31 11:13:45.505,73,14.000030,10.950448,-5.520530
11671,VAST_0408-62A,1,04:12:45.118,-61:58:08.72,2020-01-31 11:01:48.869,2020-01-31 11:13:45.505,73,13.898293,10.905325,-9.009001
11671,VAST_0408-62A,2,04:03:39.278,-63:01:08,2020-01-31 11:01:48.869,2020-01-31 11:13:45.505,73,14.215859,10.953605,-5.505274
11671,VAST_0408-62A,3,04:12:54.722,-63:01:08,2020-01-31 11:01:48.869,2020-01-31 11:13:45.505,73,14.255134,10.972365,-9.048381
11671,VAST_0408-62A,4,03:55:19.778,-60:53:02.4,2020-01-31 11:01:48.869,2020-01-31 11:13:45.505,73,13.948174,11.143705,-1.886247
11671,VAST_0408-62A,5,04:03:57.763,-60:55:08.8,2020-01-31 11:01:48.869,2020-01-31 11:13:45.505,73,15.622798,10.796192,-4.826295
11671,VAST_0408-62A,6,04:12:36.238,-60:55:08.8,2020-01-31 11:01:48.869,2020-01-31 11:13:45.505,73,13.981127,11.159222,-8.926229
11671,VAST_0408-62A,7,04:21:14.222,-60:53:02.4,2020-01-31 11:01:48.869,2020-01-31 11:13:45.505,73,14.011258,11.166855,-12.356734
11671,VAST_0408-62A,8,04:21:40.802,-61:55:58.04,2020-01-31 11:01:48.869,2020-01-31 11:13:45.505,73,14.202035,11.142792,-12.479160
11671,VAST_0408-62A,9,04:22:09.545,-62:58:52.64,2020-01-31 11:01:48.869,2020-01-31 11:13:45.505,73,14.426121,11.145976,-12.437043
11671,VAST_0408-62A,10,04:22:40.723,-64:01:47.35,2020-01-31 11:01:48.869,2020-01-31 11:13:45.505,73,14.646810,11.121985,-12.428135
11671,VAST_0408-62A,11,04:13:05.143,-64:04:07.82,2020-01-31 11:01:48.869,2020-01-31 11:13:45.505,73,14.590575,11.096931,-9.001584
11671,VAST_0408-62A,12,04:03:28.858,-64:04:07.82,2020-01-31 11:01:48.869,2020-01-31 11:13:45.505,73,14.571647,11.103425,-5.320346
11671,VAST_0408-62A,13,03:53:53.275,-64:01:47.35,2020-01-31 11:01:48.869,2020-01-31 11:13:45.505,73,14.563235,11.098311,-1.818213
11671,VAST_0408-62A,14,03:54:24.456,-62:58:52.64,2020-01-31 11:01:48.869,2020-01-31 11:13:45.505,73,14.345923,11.109259,-1.845814
11671,VAST_0408-62A,15,03:54:53.198,-61:55:58.04,2020-01-31 11:01:48.869,2020-01-31 11:13:45.505,73,14.117531,11.103094,-1.740771
11671,VAST_0408-62A,16,03:47:24.156,-59:45:59.72,2020-01-31 11:01:48.869,2020-01-31 11:13:45.505,73,13.740316,11.130870,1.698372
11671,VAST_0408-62A,17,03:55:44.426,-59:50:04.42,2020-01-31 11:01:48.869,2020-01-31 11:13:45.505,73,13.758220,11.148194,-1.780918
11671,VAST_0408-62A,18,04:04:05.998,-59:52:06.89,2020-01-31 11:01:48.869,2020-01-31 11:13:45.505,73,13.770117,11.161301,-5.358737
11671,VAST_0408-62A,19,04:12:28.003,-59:52:06.89,2020-01-31 11:01:48.869,2020-01-31 11:13:45.505,73,13.800704,11.174987,-8.934184
11671,VAST_0408-62A,20,04:20:49.574,-59:50:04.42,2020-01-31 11:01:48.869,2020-01-31 11:13:45.505,73,13.820985,11.182961,-12.412113
11671,VAST_0408-62A,21,04:29:09.845,-59:45:59.72,2020-01-31 11:01:48.869,2020-01-31 11:13:45.505,73,13.903309,11.087044,-14.447909
11671,VAST_0408-62A,22,04:29:50.75,-60:48:49.86,2020-01-31 11:01:48.869,2020-01-31 11:13:45.505,73,14.099161,11.072529,-14.574488
11671,VAST_0408-62A,23,04:30:34.846,-61:51:37.01,2020-01-31 11:01:48.869,2020-01-31 11:13:45.505,73,15.920764,10.817877,-13.528761
11671,VAST_0408-62A,24,04:31:22.517,-62:54:22.28,2020-01-31 11:01:48.869,2020-01-31 11:13:45.505,73,16.383483,10.535908,-14.666116
11671,VAST_0408-62A,25,04:32:14.203,-63:57:06.84,2020-01-31 11:01:48.869,2020-01-31 11:13:45.505,73,14.394753,10.905165,-16.168498
11671,VAST_0408-62A,26,04:33:10.43,-64:59:51.72,2020-01-31 11:01:48.869,2020-01-31 11:13:45.505,73,14.785100,10.971859,-16.208967
11671,VAST_0408-62A,27,04:23:14.654,-65:04:43.39,2020-01-31 11:01:48.869,2020-01-31 11:13:45.505,73,14.726966,10.926719,-13.084443
11671,VAST_0408-62A,28,04:13:16.486,-65:07:09.52,2020-01-31 11:01:48.869,2020-01-31 11:13:45.505,73,14.847107,11.114398,-8.899911
11671,VAST_0408-62A,29,04:03:17.513,-65:07:09.52,2020-01-31 11:01:48.869,2020-01-31 11:13:45.505,73,14.685298,11.047944,-5.269604
11671,VAST_0408-62A,30,03:53:19.344,-65:04:43.39,2020-01-31 11:01:48.869,2020-01-31 11:13:45.505,73,14.660543,10.977031,-1.082462
11671,VAST_0408-62A,31,03:43:23.57,-64:59:51.72,2020-01-31 11:01:48.869,2020-01-31 11:13:45.505,73,14.762511,11.070043,2.012542
11671,VAST_0408-62A,32,03:44:19.795,-63:57:06.84,2020-01-31 11:01:48.869,2020-01-31 11:13:45.505,73,14.547005,11.095775,1.851553
11671,VAST_0408-62A,33,03:45:11.484,-62:54:22.28,2020-01-31 11:01:48.869,2020-01-31 11:13:45.505,73,14.336338,11.109077,1.711245
11671,VAST_0408-62A,34,03:45:59.153,-61:51:37.01,2020-01-31 11:01:48.869,2020-01-31 11:13:45.505,73,14.097262,11.074470,2.130540
11671,VAST_0408-62A,35,03:46:43.25,-60:48:49.86,2020-01-31 11:01:48.869,2020-01-31 11:13:45.505,73,13.930991,11.123609,1.727337
11674,VAST_1351-06A,0,13:49:36.362,-05:46:28.13,2020-01-31 20:31:48.339,2020-01-31 20:43:44.975,73,12.485928,10.985135,81.397891
11674,VAST_1351-06A,1,13:53:49.637,-05:46:28.13,2020-01-31 20:31:48.339,2020-01-31 20:43:44.975,73,12.455210,10.875141,82.187666
11674,VAST_1351-06A,2,13:49:36.106,-06:49:27.95,2020-01-31 20:31:48.339,2020-01-31 20:43:44.975,73,12.379546,10.952069,81.180722
11674,VAST_1351-06A,3,13:53:49.894,-06:49:27.95,2020-01-31 20:31:48.339,2020-01-31 20:43:44.975,73,12.432409,10.968708,82.516702
11674,VAST_1351-06A,4,13:45:23.686,-04:43:20.03,2020-01-31 20:31:48.339,2020-01-31 20:43:44.975,73,12.712692,11.105945,78.760571
11674,VAST_1351-06A,5,13:49:36.576,-04:43:27.66,2020-01-31 20:31:48.339,2020-01-31 20:43:44.975,73,12.692121,12.010579,12.255590
11674,VAST_1351-06A,6,13:53:49.423,-04:43:27.66,2020-01-31 20:31:48.339,2020-01-31 20:43:44.975,73,12.818506,11.126670,80.752320
11674,VAST_1351-06A,7,13:58:02.314,-04:43:20.03,2020-01-31 20:31:48.339,2020-01-31 20:43:44.975,73,12.884281,11.145302,81.828495
11674,VAST_1351-06A,8,13:58:02.954,-05:46:20.5,2020-01-31 20:31:48.339,2020-01-31 20:43:44.975,73,12.754869,11.121309,81.032454
11674,VAST_1351-06A,9,13:58:03.722,-06:49:20.32,2020-01-31 20:31:48.339,2020-01-31 20:43:44.975,73,12.653065,11.103481,80.420981
11674,VAST_1351-06A,10,13:58:04.625,-07:52:20.75,2020-01-31 20:31:48.339,2020-01-31 20:43:44.975,73,12.552115,11.071333,80.064000
11674,VAST_1351-06A,11,13:53:50.194,-07:52:28.45,2020-01-31 20:31:48.339,2020-01-31 20:43:44.975,73,12.484055,11.046475,79.239053
11674,VAST_1351-06A,12,13:49:35.806,-07:52:28.45,2020-01-31 20:31:48.339,2020-01-31 20:43:44.975,73,12.444950,11.046863,78.199537
11674,VAST_1351-06A,13,13:45:21.377,-07:52:20.75,2020-01-31 20:31:48.339,2020-01-31 20:43:44.975,73,12.394130,11.018296,77.510039
11674,VAST_1351-06A,14,13:45:22.277,-06:49:20.32,2020-01-31 20:31:48.339,2020-01-31 20:43:44.975,73,12.471291,11.031274,77.905834
11674,VAST_1351-06A,15,13:45:23.047,-05:46:20.5,2020-01-31 20:31:48.339,2020-01-31 20:43:44.975,73,12.574745,11.057569,78.325061
11674,VAST_1351-06A,16,13:41:11.52,-03:40:02.39,2020-01-31 20:31:48.339,2020-01-31 20:43:44.975,73,12.794383,11.109360,78.493296
11674,VAST_1351-06A,17,13:45:24.197,-03:40:17.65,2020-01-31 20:31:48.339,2020-01-31 20:43:44.975,73,12.844624,11.129619,79.417365
11674,VAST_1351-06A,18,13:49:36.746,-03:40:25.28,2020-01-31 20:31:48.339,2020-01-31 20:43:44.975,73,12.886952,11.131657,80.517773
11674,VAST_1351-06A,19,13:53:49.255,-03:40:25.28,2020-01-31 20:31:48.339,2020-01-31 20:43:44.975,73,12.958370,11.156756,81.673129
11674,VAST_1351-06A,20,13:58:01.805,-03:40:17.65,2020-01-31 20:31:48.339,2020-01-31 20:43:44.975,73,13.039277,11.173979,82.624601
11674,VAST_1351-06A,21,14:02:14.479,-03:40:02.39,2020-01-31 20:31:48.339,2020-01-31 20:43:44.975,73,12.910030,11.170196,81.447226
11674,VAST_1351-06A,22,14:02:15.329,-04:43:04.76,2020-01-31 20:31:48.339,2020-01-31 20:43:44.975,73,12.769813,11.156596,80.342631
11674,VAST_1351-06A,23,14:02:16.394,-05:46:05.2,2020-01-31 20:31:48.339,2020-01-31 20:43:44.975,73,12.679896,12.173482,0.765121
11674,VAST_1351-06A,24,14:02:17.676,-06:49:04.98,2020-01-31 20:31:48.339,2020-01-31 20:43:44.975,73,12.656948,12.080999,2.662896
11674,VAST_1351-06A,25,14:02:19.178,-07:52:05.41,2020-01-31 20:31:48.339,2020-01-31 20:43:44.975,73,12.412939,10.863187,82.960545
11674,VAST_1351-06A,26,14:02:20.904,-08:55:07.72,2020-01-31 20:31:48.339,2020-01-31 20:43:44.975,73,12.402944,10.963304,83.099979
11674,VAST_1351-06A,27,13:58:05.659,-08:55:23.12,2020-01-31 20:31:48.339,2020-01-31 20:43:44.975,73,12.335735,10.952334,82.092304
11674,VAST_1351-06A,28,13:53:50.539,-08:55:30.83,2020-01-31 20:31:48.339,2020-01-31 20:43:44.975,73,12.409876,11.033008,78.827982
11674,VAST_1351-06A,29,13:49:35.46,-08:55:30.83,2020-01-31 20:31:48.339,2020-01-31 20:43:44.975,73,12.285685,10.902371,77.669577
11674,VAST_1351-06A,30,13:45:20.342,-08:55:23.12,2020-01-31 20:31:48.339,2020-01-31 20:43:44.975,73,12.227169,10.875853,76.564469
11674,VAST_1351-06A,31,13:41:05.098,-08:55:07.72,2020-01-31 20:31:48.339,2020-01-31 20:43:44.975,73,12.277182,10.976607,76.282630
11674,VAST_1351-06A,32,13:41:06.821,-07:52:05.41,2020-01-31 20:31:48.339,2020-01-31 20:43:44.975,73,12.348024,10.993840,76.506166
11674,VAST_1351-06A,33,13:41:08.323,-06:49:04.98,2020-01-31 20:31:48.339,2020-01-31 20:43:44.975,73,12.447221,11.039580,77.223251
11674,VAST_1351-06A,34,13:41:09.605,-05:46:05.2,2020-01-31 20:31:48.339,2020-01-31 20:43:44.975,73,12.550582,11.057862,77.231454
11674,VAST_1351-06A,35,13:41:10.67,-04:43:04.76,2020-01-31 20:31:48.339,2020-01-31 20:43:44.975,73,12.659320,11.071730,77.704666
11676,VAST_1739-25A,0,17:37:18.422,-24:36:13.03,2020-02-01 00:16:25.080,2020-02-01 00:28:21.716,73,11.566331,10.868001,83.137980
11676,VAST_1739-25A,1,17:41:55.577,-24:36:13.03,2020-02-01 00:16:25.080,2020-02-01 00:28:21.716,73,11.529528,10.746904,83.660361
11676,VAST_1739-25A,2,17:37:17.227,-25:39:12.85,2020-02-01 00:16:25.080,2020-02-01 00:28:21.716,73,11.539898,10.881536,83.588464
11676,VAST_1739-25A,3,17:41:56.772,-25:39:12.85,2020-02-01 00:16:25.080,2020-02-01 00:28:21.716,73,11.589002,10.896795,85.178581
11676,VAST_1739-25A,4,17:32:44.635,-23:32:40.49,2020-02-01 00:16:25.080,2020-02-01 00:28:21.716,73,11.734750,10.981888,79.165844
11676,VAST_1739-25A,5,17:37:19.553,-23:33:12.6,2020-02-01 00:16:25.080,2020-02-01 00:28:21.716,73,12.433690,11.318402,-0.488043
11676,VAST_1739-25A,6,17:41:54.446,-23:33:12.6,2020-02-01 00:16:25.080,2020-02-01 00:28:21.716,73,11.802491,10.995119,81.726940
11676,VAST_1739-25A,7,17:46:29.364,-23:32:40.49,2020-02-01 00:16:25.080,2020-02-01 00:28:21.716,73,11.845816,11.001642,83.122894
11676,VAST_1739-25A,8,17:46:32.755,-24:35:40.67,2020-02-01 00:16:25.080,2020-02-01 00:28:21.716,73,11.777017,10.980101,83.663539
11676,VAST_1739-25A,9,17:46:36.343,-25:38:40.2,2020-02-01 00:16:25.080,2020-02-01 00:28:21.716,73,11.799416,11.034532,84.150506
11676,VAST_1739-25A,10,17:46:40.14,-26:41:40.34,2020-02-01 00:16:25.080,2020-02-01 00:28:21.716,73,11.755656,11.031205,85.139273
11676,VAST_1739-25A,11,17:41:58.037,-26:42:13.28,2020-02-01 00:16:25.080,2020-02-01 00:28:21.716,73,11.694302,11.007926,83.810727
11676,VAST_1739-25A,12,17:37:15.962,-26:42:13.28,2020-02-01 00:16:25.080,2020-02-01 00:28:21.716,73,11.693318,11.035598,81.279057
11676,VAST_1739-25A,13,17:32:33.862,-26:41:40.34,2020-02-01 00:16:25.080,2020-02-01 00:28:21.716,73,11.633166,10.995607,79.481007
11676,VAST_1739-25A,14,17:32:37.656,-25:38:40.2,2020-02-01 00:16:25.080,2020-02-01 00:28:21.716,73,11.653570,10.974037,79.246624
11676,VAST_1739-25A,15,17:32:41.244,-24:35:40.67,2020-02-01 00:16:25.080,2020-02-01 00:28:21.716,73,11.703997,10.986344,79.221893
11676,VAST_1739-25A,16,17:28:14.969,-22:28:34.57,2020-02-01 00:16:25.080,2020-02-01 00:28:21.716,73,11.723921,10.946416,77.747682
11676,VAST_1739-25A,17,17:32:47.837,-22:29:38.36,2020-02-01 00:16:25.080,2020-02-01 00:28:21.716,73,11.765099,10.970079,78.860130
11676,VAST_1739-25A,18,17:37:20.621,-22:30:10.22,2020-02-01 00:16:25.080,2020-02-01 00:28:21.716,73,11.785610,10.970633,80.276566
11676,VAST_1739-25A,19,17:41:53.378,-22:30:10.22,2020-02-01 00:16:25.080,2020-02-01 00:28:21.716,73,11.833467,10.991854,81.518498
11676,VAST_1739-25A,20,17:46:26.165,-22:29:38.36,2020-02-01 00:16:25.080,2020-02-01 00:28:21.716,73,11.875851,10.991835,82.597664
11676,VAST_1739-25A,21,17:50:59.03,-22:28:34.57,2020-02-01 00:16:25.080,2020-02-01 00:28:21.716,73,11.773202,11.016600,79.319215
11676,VAST_1739-25A,22,17:51:04.366,-23:31:36.26,2020-02-01 00:16:25.080,2020-02-01 00:28:21.716,73,11.743688,11.031241,79.461868
11676,VAST_1739-25A,23,17:51:10.015,-24:34:35.94,2020-02-01 00:16:25.080,2020-02-01 00:28:21.716,73,12.439282,11.423513,-7.204350
11676,VAST_1739-25A,24,17:51:15.994,-25:37:34.9,2020-02-01 00:16:25.080,2020-02-01 00:28:21.716,73,12.473962,11.419737,-7.744492
11676,VAST_1739-25A,25,17:51:22.318,-26:40:34.43,2020-02-01 00:16:25.080,2020-02-01 00:28:21.716,73,11.595354,10.799331,87.950057
11676,VAST_1739-25A,26,17:51:28.999,-27:43:35.76,2020-02-01 00:16:25.080,2020-02-01 00:28:21.716,73,11.615528,10.904403,-89.532311
11676,VAST_1739-25A,27,17:46:44.15,-27:44:42.32,2020-02-01 00:16:25.080,2020-02-01 00:28:21.716,73,11.581520,10.918025,88.714284
11676,VAST_1739-25A,28,17:41:59.376,-27:45:15.62,2020-02-01 00:16:25.080,2020-02-01 00:28:21.716,73,11.705607,11.058143,83.882637
11676,VAST_1739-25A,29,17:37:14.626,-27:45:15.62,2020-02-01 00:16:25.080,2020-02-01 00:28:21.716,73,11.558753,10.897855,81.150298
11676,VAST_1739-25A,30,17:32:29.849,-27:44:42.32,2020-02-01 00:16:25.080,2020-02-01 00:28:21.716,73,11.526225,10.930012,78.909797
11676,VAST_1739-25A,31,17:27:45,-27:43:35.76,2020-02-01 00:16:25.080,2020-02-01 00:28:21.716,73,11.580775,10.991542,76.941652
11676,VAST_1739-25A,32,17:27:51.684,-26:40:34.43,2020-02-01 00:16:25.080,2020-02-01 00:28:21.716,73,11.594117,10.965946,77.181547
11676,VAST_1739-25A,33,17:27:58.006,-25:37:34.9,2020-02-01 00:16:25.080,2020-02-01 00:28:21.716,73,11.622951,10.954980,77.464626
11676,VAST_1739-25A,34,17:28:03.986,-24:34:35.94,2020-02-01 00:16:25.080,2020-02-01 00:28:21.716,73,11.686472,10.977229,77.329396
11676,VAST_1739-25A,35,17:28:09.636,-23:31:36.26,2020-02-01 00:16:25.080,2020-02-01 00:28:21.716,73,11.709372,10.962385,77.424073
11678,VAST_1724-31A,0,17:22:15.223,-30:51:39.82,2020-02-01 01:31:53.823,2020-02-01 01:43:40.505,72,11.814496,10.610488,61.923041
11678,VAST_1724-31A,1,17:27:08.777,-30:51:39.82,2020-02-01 01:31:53.823,2020-02-01 01:43:40.505,72,11.669184,10.501249,62.345022
11678,VAST_1724-31A,2,17:22:13.572,-31:54:39.6,2020-02-01 01:31:53.823,2020-02-01 01:43:40.505,72,11.819253,10.620027,60.696707
11678,VAST_1724-31A,3,17:27:10.428,-31:54:39.6,2020-02-01 01:31:53.823,2020-02-01 01:43:40.505,72,11.761808,10.629524,59.940206
11678,VAST_1724-31A,4,17:17:26.352,-29:47:57.8,2020-02-01 01:31:53.823,2020-02-01 01:43:40.505,72,12.051904,10.730861,64.113304
11678,VAST_1724-31A,5,17:22:16.788,-29:48:39.42,2020-02-01 01:31:53.823,2020-02-01 01:43:40.505,72,12.769481,10.932640,28.768532
11678,VAST_1724-31A,6,17:27:07.212,-29:48:39.42,2020-02-01 01:31:53.823,2020-02-01 01:43:40.505,72,11.930388,10.741892,62.890577
11678,VAST_1724-31A,7,17:31:57.648,-29:47:57.8,2020-02-01 01:31:53.823,2020-02-01 01:43:40.505,72,11.886940,10.765740,62.432420
11678,VAST_1724-31A,8,17:32:02.345,-30:50:57.8,2020-02-01 01:31:53.823,2020-02-01 01:43:40.505,72,11.869380,10.756953,61.113976
11678,VAST_1724-31A,9,17:32:07.294,-31:53:57.12,2020-02-01 01:31:53.823,2020-02-01 01:43:40.505,72,11.887402,10.785258,59.960244
11678,VAST_1724-31A,10,17:32:12.509,-32:56:57.01,2020-02-01 01:31:53.823,2020-02-01 01:43:40.505,72,11.890891,10.800045,58.652080
11678,VAST_1724-31A,11,17:27:12.166,-32:57:40.03,2020-02-01 01:31:53.823,2020-02-01 01:43:40.505,72,11.933280,10.777514,59.441851
11678,VAST_1724-31A,12,17:22:11.834,-32:57:40.03,2020-02-01 01:31:53.823,2020-02-01 01:43:40.505,72,11.985849,10.751888,60.076472
11678,VAST_1724-31A,13,17:17:11.491,-32:56:57.01,2020-02-01 01:31:53.823,2020-02-01 01:43:40.505,72,12.055991,10.743063,60.993311
11678,VAST_1724-31A,14,17:17:16.706,-31:53:57.12,2020-02-01 01:31:53.823,2020-02-01 01:43:40.505,72,12.044833,10.731501,62.050388
11678,VAST_1724-31A,15,17:17:21.655,-30:50:57.8,2020-02-01 01:31:53.823,2020-02-01 01:43:40.505,72,12.032307,10.715927,63.112599
11678,VAST_1724-31A,16,17:12:43.296,-28:43:33.46,2020-02-01 01:31:53.823,2020-02-01 01:43:40.505,72,12.104318,10.701938,65.795168
11678,VAST_1724-31A,17,17:17:30.809,-28:44:55.86,2020-02-01 01:31:53.823,2020-02-01 01:43:40.505,72,12.056255,10.725471,65.090393
11678,VAST_1724-31A,18,17:22:18.276,-28:45:37.08,2020-02-01 01:31:53.823,2020-02-01 01:43:40.505,72,11.975783,10.707645,64.445721
11678,VAST_1724-31A,19,17:27:05.724,-28:45:37.08,2020-02-01 01:31:53.823,2020-02-01 01:43:40.505,72,11.938456,10.737351,63.961668
11678,VAST_1724-31A,20,17:31:53.191,-28:44:55.86,2020-02-01 01:31:53.823,2020-02-01 01:43:40.505,72,11.900489,10.762296,63.559077
11678,VAST_1724-31A,21,17:36:40.704,-28:43:33.46,2020-02-01 01:31:53.823,2020-02-01 01:43:40.505,72,11.796160,10.677685,57.356629
11678,VAST_1724-31A,22,17:36:48.127,-29:46:34.57,2020-02-01 01:31:53.823,2020-02-01 01:43:40.505,72,11.805385,10.695974,56.248984
11678,VAST_1724-31A,23,17:36:55.951,-30:49:33.71,2020-02-01 01:31:53.823,2020-02-01 01:43:40.505,72,12.723940,10.927635,23.585067
11678,VAST_1724-31A,24,17:37:04.195,-31:52:32.05,2020-02-01 01:31:53.823,2020-02-01 01:43:40.505,72,12.762794,10.921961,23.031653
11678,VAST_1724-31A,25,17:37:12.886,-32:55:30.94,2020-02-01 01:31:53.823,2020-02-01 01:43:40.505,72,11.595225,10.586252,58.966340
11678,VAST_1724-31A,26,17:37:22.042,-33:58:31.58,2020-02-01 01:31:53.823,2020-02-01 01:43:40.505,72,11.681379,10.704826,55.796455
11678,VAST_1724-31A,27,17:32:18.007,-33:59:58.78,2020-02-01 01:31:53.823,2020-02-01 01:43:40.505,72,11.733622,10.681630,56.542934
11678,VAST_1724-31A,28,17:27:13.999,-34:00:42.34,2020-02-01 01:31:53.823,2020-02-01 01:43:40.505,72,11.969567,10.814593,58.100343
11678,VAST_1724-31A,29,17:22:10.001,-34:00:42.34,2020-02-01 01:31:53.823,2020-02-01 01:43:40.505,72,11.929335,10.678833,59.990493
11678,VAST_1724-31A,30,17:17:05.993,-33:59:58.78,2020-02-01 01:31:53.823,2020-02-01 01:43:40.505,72,11.964246,10.622754,59.391503
11678,VAST_1724-31A,31,17:12:01.958,-33:58:31.58,2020-02-01 01:31:53.823,2020-02-01 01:43:40.505,72,12.130590,10.740839,60.765842
11678,VAST_1724-31A,32,17:12:11.114,-32:55:30.94,2020-02-01 01:31:53.823,2020-02-01 01:43:40.505,72,12.130520,10.743948,61.873526
11678,VAST_1724-31A,33,17:12:19.805,-31:52:32.05,2020-02-01 01:31:53.823,2020-02-01 01:43:40.505,72,12.116027,10.726104,62.872401
11678,VAST_1724-31A,34,17:12:28.049,-30:49:33.71,2020-02-01 01:31:53.823,2020-02-01 01:43:40.505,72,12.094652,10.701217,63.885437
11678,VAST_1724-31A,35,17:12:35.873,-29:46:34.57,2020-02-01 01:31:53.823,2020-02-01 01:43:40.505,72,12.100259,10.697268,64.814096
