SBID,OBS_FREQ,FIELD_NAME,BEAM,RA_HMS,DEC_DMS,DATEOBS,DATEEND,NINT,BMAJ,BMIN,BPA
11451,864.5,VAST_0216-06A,0,02:14:26.362,-05:46:28.13,2020-01-18 10:41:41.757,2020-01-18 10:53:38.393,73,12.544587,11.28601,79.331178
11451,864.5,VAST_0216-06A,1,02:18:39.638,-05:46:28.13,2020-01-18 10:41:41.757,2020-01-18 10:53:38.393,73,12.437645,11.168914,79.170367
11451,864.5,VAST_0216-06A,2,02:14:26.107,-06:49:27.95,2020-01-18 10:41:41.757,2020-01-18 10:53:38.393,73,12.856071,11.707842,21.451321
11451,864.5,VAST_0216-06A,3,02:18:39.893,-06:49:27.95,2020-01-18 10:41:41.757,2020-01-18 10:53:38.393,73,12.390335,11.15819,78.747453
11451,864.5,VAST_0216-06A,4,02:10:13.685,-04:43:20.03,2020-01-18 10:41:41.757,2020-01-18 10:53:38.393,73,12.82586,11.41381,78.545788
11451,864.5,VAST_0216-06A,5,02:14:26.575,-04:43:27.66,2020-01-18 10:41:41.757,2020-01-18 10:53:38.393,73,13.106051,11.928471,24.407464
11451,864.5,VAST_0216-06A,6,02:18:39.425,-04:43:27.66,2020-01-18 10:41:41.757,2020-01-18 10:53:38.393,73,12.782936,11.417122,78.057405
11451,864.5,VAST_0216-06A,7,02:22:52.315,-04:43:20.03,2020-01-18 10:41:41.757,2020-01-18 10:53:38.393,73,12.772994,11.434175,77.946503
11451,864.5,VAST_0216-06A,8,02:22:52.954,-05:46:20.5,2020-01-18 10:41:41.757,2020-01-18 10:53:38.393,73,12.696822,11.417185,78.056724
11451,864.5,VAST_0216-06A,9,02:22:53.724,-06:49:20.32,2020-01-18 10:41:41.757,2020-01-18 10:53:38.393,73,12.613794,11.396795,78.152952
11451,864.5,VAST_0216-06A,10,02:22:54.624,-07:52:20.75,2020-01-18 10:41:41.757,2020-01-18 10:53:38.393,73,12.962531,11.821043,18.334864
11451,864.5,VAST_0216-06A,11,02:18:40.195,-07:52:28.45,2020-01-18 10:41:41.757,2020-01-18 10:53:38.393,73,12.541115,11.359666,78.293464
11451,864.5,VAST_0216-06A,12,02:14:25.805,-07:52:28.45,2020-01-18 10:41:41.757,2020-01-18 10:53:38.393,73,12.551385,11.354756,78.382943
11451,864.5,VAST_0216-06A,13,02:10:11.376,-07:52:20.75,2020-01-18 10:41:41.757,2020-01-18 10:53:38.393,73,12.557948,11.338979,78.499178
11451,864.5,VAST_0216-06A,14,02:10:12.276,-06:49:20.32,2020-01-18 10:41:41.757,2020-01-18 10:53:38.393,73,12.636666,11.364578,78.464699
11451,864.5,VAST_0216-06A,15,02:10:13.046,-05:46:20.5,2020-01-18 10:41:41.757,2020-01-18 10:53:38.393,73,12.718976,11.381941,78.323787
11451,864.5,VAST_0216-06A,16,02:06:01.522,-03:40:02.39,2020-01-18 10:41:41.757,2020-01-18 10:53:38.393,73,12.965897,11.409624,78.524607
11451,864.5,VAST_0216-06A,17,02:10:14.196,-03:40:17.65,2020-01-18 10:41:41.757,2020-01-18 10:53:38.393,73,12.939037,11.427502,78.219574
11451,864.5,VAST_0216-06A,18,02:14:26.746,-03:40:25.28,2020-01-18 10:41:41.757,2020-01-18 10:53:38.393,73,13.163725,11.98291,26.187028
11451,864.5,VAST_0216-06A,19,02:18:39.254,-03:40:25.28,2020-01-18 10:41:41.757,2020-01-18 10:53:38.393,73,12.891508,11.441689,78.152817
11451,864.5,VAST_0216-06A,20,02:22:51.804,-03:40:17.65,2020-01-18 10:41:41.757,2020-01-18 10:53:38.393,73,12.884969,11.448905,78.219452
11451,864.5,VAST_0216-06A,21,02:27:04.478,-03:40:02.39,2020-01-18 10:41:41.757,2020-01-18 10:53:38.393,73,12.694252,11.419792,74.170891
11451,864.5,VAST_0216-06A,22,02:27:05.33,-04:43:04.76,2020-01-18 10:41:41.757,2020-01-18 10:53:38.393,73,12.601138,11.407814,73.48796
11451,864.5,VAST_0216-06A,23,02:27:06.394,-05:46:05.2,2020-01-18 10:41:41.757,2020-01-18 10:53:38.393,73,13.044663,11.924999,19.160186
11451,864.5,VAST_0216-06A,24,02:27:07.678,-06:49:04.98,2020-01-18 10:41:41.757,2020-01-18 10:53:38.393,73,12.840452,11.749255,17.900931
11451,864.5,VAST_0216-06A,25,02:27:09.178,-07:52:05.41,2020-01-18 10:41:41.757,2020-01-18 10:53:38.393,73,12.294633,11.149189,79.443501
11451,864.5,VAST_0216-06A,26,02:27:10.903,-08:55:07.72,2020-01-18 10:41:41.757,2020-01-18 10:53:38.393,73,12.322351,11.243951,79.989118
11451,864.5,VAST_0216-06A,27,02:22:55.658,-08:55:23.12,2020-01-18 10:41:41.757,2020-01-18 10:53:38.393,73,12.334977,11.25167,79.727766
11451,864.5,VAST_0216-06A,28,02:18:40.538,-08:55:30.83,2020-01-18 10:41:41.757,2020-01-18 10:53:38.393,73,12.240495,11.116447,79.400032
11451,864.5,VAST_0216-06A,29,02:14:25.462,-08:55:30.83,2020-01-18 10:41:41.757,2020-01-18 10:53:38.393,73,12.38759,11.209391,78.325911
11451,864.5,VAST_0216-06A,30,02:10:10.342,-08:55:23.12,2020-01-18 10:41:41.757,2020-01-18 10:53:38.393,73,12.505044,11.318534,78.580459
11451,864.5,VAST_0216-06A,31,02:05:55.097,-08:55:07.72,2020-01-18 10:41:41.757,2020-01-18 10:53:38.393,73,12.390732,11.163782,80.137244
11451,864.5,VAST_0216-06A,32,02:05:56.822,-07:52:05.41,2020-01-18 10:41:41.757,2020-01-18 10:53:38.393,73,12.587288,11.331779,78.805429
11451,864.5,VAST_0216-06A,33,02:05:58.322,-06:49:04.98,2020-01-18 10:41:41.757,2020-01-18 10:53:38.393,73,12.530091,11.212898,80.134473
11451,864.5,VAST_0216-06A,34,02:05:59.606,-05:46:05.2,2020-01-18 10:41:41.757,2020-01-18 10:53:38.393,73,12.645021,11.258286,78.821253
11451,864.5,VAST_0216-06A,35,02:06:00.67,-04:43:04.76,2020-01-18 10:41:41.757,2020-01-18 10:53:38.393,73,12.850767,11.391886,78.591352
11452,864.5,VAST_0216+00A,0,02:14:27,+00:31:29.93,2020-01-18 10:56:37.553,2020-01-18 11:08:34.189,73,13.698179,11.334003,78.273967
11452,864.5,VAST_0216+00A,1,02:18:39,+00:31:29.93,2020-01-18 10:56:37.553,2020-01-18 11:08:34.189,73,13.453488,11.21701,78.725793
11452,864.5,VAST_0216+00A,2,02:14:27,-00:31:29.93,2020-01-18 10:56:37.553,2020-01-18 11:08:34.189,73,13.483928,12.004359,43.492235
11452,864.5,VAST_0216+00A,3,02:18:39,-00:31:29.93,2020-01-18 10:56:37.553,2020-01-18 11:08:34.189,73,13.383598,11.214969,78.787068
11452,864.5,VAST_0216+00A,4,02:10:14.83,+01:34:30.4,2020-01-18 10:56:37.553,2020-01-18 11:08:34.189,73,13.956893,11.525845,76.746856
11452,864.5,VAST_0216+00A,5,02:14:26.957,+01:34:30.4,2020-01-18 10:56:37.553,2020-01-18 11:08:34.189,73,13.942032,12.212187,43.583499
11452,864.5,VAST_0216+00A,6,02:18:39.043,+01:34:30.4,2020-01-18 10:56:37.553,2020-01-18 11:08:34.189,73,13.788025,11.545619,76.803288
11452,864.5,VAST_0216+00A,7,02:22:51.17,+01:34:30.4,2020-01-18 10:56:37.553,2020-01-18 11:08:34.189,73,13.734166,11.534666,76.98984
11452,864.5,VAST_0216+00A,8,02:22:51.043,+00:31:29.93,2020-01-18 10:56:37.553,2020-01-18 11:08:34.189,73,13.686709,11.462109,78.133096
11452,864.5,VAST_0216+00A,9,02:22:51.043,-00:31:29.93,2020-01-18 10:56:37.553,2020-01-18 11:08:34.189,73,13.520532,11.427242,78.370935
11452,864.5,VAST_0216+00A,10,02:22:51.17,-01:34:30.4,2020-01-18 10:56:37.553,2020-01-18 11:08:34.189,73,13.374173,12.109786,35.056963
11452,864.5,VAST_0216+00A,11,02:18:39.043,-01:34:30.4,2020-01-18 10:56:37.553,2020-01-18 11:08:34.189,73,13.3275,11.428591,78.326583
11452,864.5,VAST_0216+00A,12,02:14:26.957,-01:34:30.4,2020-01-18 10:56:37.553,2020-01-18 11:08:34.189,73,13.381183,11.396078,78.345329
11452,864.5,VAST_0216+00A,13,02:10:14.83,-01:34:30.4,2020-01-18 10:56:37.553,2020-01-18 11:08:34.189,73,13.454621,11.393716,78.429534
11452,864.5,VAST_0216+00A,14,02:10:14.957,-00:31:29.93,2020-01-18 10:56:37.553,2020-01-18 11:08:34.189,73,13.718143,11.37391,78.229827
11452,864.5,VAST_0216+00A,15,02:10:14.957,+00:31:29.93,2020-01-18 10:56:37.553,2020-01-18 11:08:34.189,73,13.942532,11.421288,77.92361
11452,864.5,VAST_0216+00A,16,02:06:02.153,+02:37:32.77,2020-01-18 10:56:37.553,2020-01-18 11:08:34.189,73,14.113453,11.684831,75.800426
11452,864.5,VAST_0216+00A,17,02:10:14.575,+02:37:32.77,2020-01-18 10:56:37.553,2020-01-18 11:08:34.189,73,14.007076,11.669527,75.54943
11452,864.5,VAST_0216+00A,18,02:14:26.873,+02:37:32.77,2020-01-18 10:56:37.553,2020-01-18 11:08:34.189,73,14.088304,12.265808,40.736457
11452,864.5,VAST_0216+00A,19,02:18:39.127,+02:37:32.77,2020-01-18 10:56:37.553,2020-01-18 11:08:34.189,73,13.838032,11.661254,75.417768
11452,864.5,VAST_0216+00A,20,02:22:51.425,+02:37:32.77,2020-01-18 10:56:37.553,2020-01-18 11:08:34.189,73,13.775047,11.665928,75.59384
11452,864.5,VAST_0216+00A,21,02:27:03.847,+02:37:32.77,2020-01-18 10:56:37.553,2020-01-18 11:08:34.189,73,13.503038,11.597983,72.394551
11452,864.5,VAST_0216+00A,22,02:27:03.425,+01:34:30.4,2020-01-18 10:56:37.553,2020-01-18 11:08:34.189,73,13.440116,11.472635,73.94822
11452,864.5,VAST_0216+00A,23,02:27:03.211,+00:31:29.93,2020-01-18 10:56:37.553,2020-01-18 11:08:34.189,73,13.575536,12.242202,40.838101
11452,864.5,VAST_0216+00A,24,02:27:03.211,-00:31:29.93,2020-01-18 10:56:37.553,2020-01-18 11:08:34.189,73,13.29705,12.064849,38.078521
11452,864.5,VAST_0216+00A,25,02:27:03.425,-01:34:30.4,2020-01-18 10:56:37.553,2020-01-18 11:08:34.189,73,12.959973,11.223959,79.178723
11452,864.5,VAST_0216+00A,26,02:27:03.847,-02:37:32.77,2020-01-18 10:56:37.553,2020-01-18 11:08:34.189,73,12.897705,11.349004,79.100078
11452,864.5,VAST_0216+00A,27,02:22:51.425,-02:37:32.77,2020-01-18 10:56:37.553,2020-01-18 11:08:34.189,73,12.95208,11.348813,78.946749
11452,864.5,VAST_0216+00A,28,02:18:39.127,-02:37:32.77,2020-01-18 10:56:37.553,2020-01-18 11:08:34.189,73,12.870445,11.203529,79.051842
11452,864.5,VAST_0216+00A,29,02:14:26.873,-02:37:32.77,2020-01-18 10:56:37.553,2020-01-18 11:08:34.189,73,13.046943,11.273322,78.609437
11452,864.5,VAST_0216+00A,30,02:10:14.575,-02:37:32.77,2020-01-18 10:56:37.553,2020-01-18 11:08:34.189,73,13.258452,11.398704,78.652076
11452,864.5,VAST_0216+00A,31,02:06:02.153,-02:37:32.77,2020-01-18 10:56:37.553,2020-01-18 11:08:34.189,73,13.225513,11.218252,79.364686
11452,864.5,VAST_0216+00A,32,02:06:02.575,-01:34:30.4,2020-01-18 10:56:37.553,2020-01-18 11:08:34.189,73,13.547941,11.379688,78.615564
11452,864.5,VAST_0216+00A,33,02:06:02.789,-00:31:29.93,2020-01-18 10:56:37.553,2020-01-18 11:08:34.189,73,13.748974,11.206788,78.521713
11452,864.5,VAST_0216+00A,34,02:06:02.789,+00:31:29.93,2020-01-18 10:56:37.553,2020-01-18 11:08:34.189,73,13.890102,11.295091,78.271533
11452,864.5,VAST_0216+00A,35,02:06:02.575,+01:34:30.4,2020-01-18 10:56:37.553,2020-01-18 11:08:34.189,73,14.079925,11.536947,76.827755
11453,864.5,VAST_0306+00A,0,03:04:06,+00:31:29.93,2020-01-18 11:11:33.348,2020-01-18 11:23:29.984,73,13.357805,11.485422,81.554832
11453,864.5,VAST_0306+00A,1,03:08:18,+00:31:29.93,2020-01-18 11:11:33.348,2020-01-18 11:23:29.984,73,13.231088,11.357082,82.133778
11453,864.5,VAST_0306+00A,2,03:04:06,-00:31:29.93,2020-01-18 11:11:33.348,2020-01-18 11:23:29.984,73,13.09889,12.279022,29.42848
11453,864.5,VAST_0306+00A,3,03:08:18,-00:31:29.93,2020-01-18 11:11:33.348,2020-01-18 11:23:29.984,73,13.189368,11.349042,82.358206
11453,864.5,VAST_0306+00A,4,02:59:53.83,+01:34:30.4,2020-01-18 11:11:33.348,2020-01-18 11:23:29.984,73,13.53315,11.651842,78.6321
11453,864.5,VAST_0306+00A,5,03:04:05.957,+01:34:30.4,2020-01-18 11:11:33.348,2020-01-18 11:23:29.984,73,13.450361,12.44029,29.678201
11453,864.5,VAST_0306+00A,6,03:08:18.043,+01:34:30.4,2020-01-18 11:11:33.348,2020-01-18 11:23:29.984,73,13.499771,11.689128,79.435424
11453,864.5,VAST_0306+00A,7,03:12:30.17,+01:34:30.4,2020-01-18 11:11:33.348,2020-01-18 11:23:29.984,73,13.498137,11.714442,79.971043
11453,864.5,VAST_0306+00A,8,03:12:30.043,+00:31:29.93,2020-01-18 11:11:33.348,2020-01-18 11:23:29.984,73,13.509175,11.605761,81.485615
11453,864.5,VAST_0306+00A,9,03:12:30.043,-00:31:29.93,2020-01-18 11:11:33.348,2020-01-18 11:23:29.984,73,13.4148,11.569448,81.552964
11453,864.5,VAST_0306+00A,10,03:12:30.17,-01:34:30.4,2020-01-18 11:11:33.348,2020-01-18 11:23:29.984,73,13.165337,12.34645,22.12767
11453,864.5,VAST_0306+00A,11,03:08:18.043,-01:34:30.4,2020-01-18 11:11:33.348,2020-01-18 11:23:29.984,73,13.193805,11.534798,80.180398
11453,864.5,VAST_0306+00A,12,03:04:05.957,-01:34:30.4,2020-01-18 11:11:33.348,2020-01-18 11:23:29.984,73,13.183276,11.532055,79.694063
11453,864.5,VAST_0306+00A,13,02:59:53.83,-01:34:30.4,2020-01-18 11:11:33.348,2020-01-18 11:23:29.984,73,13.178648,11.508224,79.327951
11453,864.5,VAST_0306+00A,14,02:59:53.957,-00:31:29.93,2020-01-18 11:11:33.348,2020-01-18 11:23:29.984,73,13.395849,11.513985,80.09015
11453,864.5,VAST_0306+00A,15,02:59:53.957,+00:31:29.93,2020-01-18 11:11:33.348,2020-01-18 11:23:29.984,73,13.498683,11.537009,79.836687
11453,864.5,VAST_0306+00A,16,02:55:41.153,+02:37:32.77,2020-01-18 11:11:33.348,2020-01-18 11:23:29.984,73,13.575807,11.728448,76.353275
11453,864.5,VAST_0306+00A,17,02:59:53.575,+02:37:32.77,2020-01-18 11:11:33.348,2020-01-18 11:23:29.984,73,13.557481,11.761183,76.70429
11453,864.5,VAST_0306+00A,18,03:04:05.873,+02:37:32.77,2020-01-18 11:11:33.348,2020-01-18 11:23:29.984,73,13.624128,12.453616,27.188555
11453,864.5,VAST_0306+00A,19,03:08:18.127,+02:37:32.77,2020-01-18 11:11:33.348,2020-01-18 11:23:29.984,73,13.526472,11.820444,77.696532
11453,864.5,VAST_0306+00A,20,03:12:30.425,+02:37:32.77,2020-01-18 11:11:33.348,2020-01-18 11:23:29.984,73,13.517996,11.833109,78.267383
11453,864.5,VAST_0306+00A,21,03:16:42.847,+02:37:32.77,2020-01-18 11:11:33.348,2020-01-18 11:23:29.984,73,13.312574,11.82154,75.430575
11453,864.5,VAST_0306+00A,22,03:16:42.425,+01:34:30.4,2020-01-18 11:11:33.348,2020-01-18 11:23:29.984,73,13.285771,11.690821,77.446958
11453,864.5,VAST_0306+00A,23,03:16:42.211,+00:31:29.93,2020-01-18 11:11:33.348,2020-01-18 11:23:29.984,73,13.253114,12.596881,25.242631
11453,864.5,VAST_0306+00A,24,03:16:42.211,-00:31:29.93,2020-01-18 11:11:33.348,2020-01-18 11:23:29.984,73,13.03492,12.476145,24.735323
11453,864.5,VAST_0306+00A,25,03:16:42.425,-01:34:30.4,2020-01-18 11:11:33.348,2020-01-18 11:23:29.984,73,12.996106,11.346399,82.616644
11453,864.5,VAST_0306+00A,26,03:16:42.847,-02:37:32.77,2020-01-18 11:11:33.348,2020-01-18 11:23:29.984,73,12.923245,11.462926,81.880411
11453,864.5,VAST_0306+00A,27,03:12:30.425,-02:37:32.77,2020-01-18 11:11:33.348,2020-01-18 11:23:29.984,73,12.904683,11.44562,81.25628
11453,864.5,VAST_0306+00A,28,03:08:18.127,-02:37:32.77,2020-01-18 11:11:33.348,2020-01-18 11:23:29.984,73,12.781161,11.300865,80.571833
11453,864.5,VAST_0306+00A,29,03:04:05.873,-02:37:32.77,2020-01-18 11:11:33.348,2020-01-18 11:23:29.984,73,12.910401,11.380255,78.892028
11453,864.5,VAST_0306+00A,30,02:59:53.575,-02:37:32.77,2020-01-18 11:11:33.348,2020-01-18 11:23:29.984,73,13.025129,11.492389,78.698234
11453,864.5,VAST_0306+00A,31,02:55:41.153,-02:37:32.77,2020-01-18 11:11:33.348,2020-01-18 11:23:29.984,73,12.889114,11.332923,79.87018
11453,864.5,VAST_0306+00A,32,02:55:41.575,-01:34:30.4,2020-01-18 11:11:33.348,2020-01-18 11:23:29.984,73,13.167416,11.49523,78.936628
11453,864.5,VAST_0306+00A,33,02:55:41.789,-00:31:29.93,2020-01-18 11:11:33.348,2020-01-18 11:23:29.984,73,13.296071,11.360762,80.91335
11453,864.5,VAST_0306+00A,34,02:55:41.789,+00:31:29.93,2020-01-18 11:11:33.348,2020-01-18 11:23:29.984,73,13.400288,11.396262,79.629082
11453,864.5,VAST_0306+00A,35,02:55:41.575,+01:34:30.4,2020-01-18 11:11:33.348,2020-01-18 11:23:29.984,73,13.554907,11.604509,78.319396
11463,864.5,VAST_0532-50A,0,05:29:03.722,-49:34:04.84,2020-01-18 13:46:39.665,2020-01-18 13:58:36.301,73,12.466358,11.463425,5.32121
11463,864.5,VAST_0532-50A,1,05:35:32.278,-49:34:04.84,2020-01-18 13:46:39.665,2020-01-18 13:58:36.301,73,12.316859,11.38265,2.00024
11463,864.5,VAST_0532-50A,2,05:28:59.419,-50:37:04.44,2020-01-18 13:46:39.665,2020-01-18 13:58:36.301,73,14.01662,11.078748,3.600229
11463,864.5,VAST_0532-50A,3,05:35:36.581,-50:37:04.44,2020-01-18 13:46:39.665,2020-01-18 13:58:36.301,73,12.486537,11.354226,2.173739
11463,864.5,VAST_0532-50A,4,05:22:47.455,-48:29:44.34,2020-01-18 13:46:39.665,2020-01-18 13:58:36.301,73,12.50328,11.592535,12.058177
11463,864.5,VAST_0532-50A,5,05:29:07.783,-48:31:04.58,2020-01-18 13:46:39.665,2020-01-18 13:58:36.301,73,13.947936,11.239949,4.03445
11463,864.5,VAST_0532-50A,6,05:35:28.217,-48:31:04.58,2020-01-18 13:46:39.665,2020-01-18 13:58:36.301,73,12.473597,11.610594,3.082896
11463,864.5,VAST_0532-50A,7,05:41:48.545,-48:29:44.34,2020-01-18 13:46:39.665,2020-01-18 13:58:36.301,73,12.475328,11.622072,-1.424691
11463,864.5,VAST_0532-50A,8,05:42:00.713,-49:32:42.9,2020-01-18 13:46:39.665,2020-01-18 13:58:36.301,73,12.598957,11.62953,-1.72361
11463,864.5,VAST_0532-50A,9,05:42:13.613,-50:35:40.7,2020-01-18 13:46:39.665,2020-01-18 13:58:36.301,73,12.709661,11.6118,-2.095913
11463,864.5,VAST_0532-50A,10,05:42:27.31,-51:38:38.98,2020-01-18 13:46:39.665,2020-01-18 13:58:36.301,73,14.322676,11.231651,-1.089806
11463,864.5,VAST_0532-50A,11,05:35:41.15,-51:40:04.69,2020-01-18 13:46:39.665,2020-01-18 13:58:36.301,73,12.820595,11.573869,1.683047
11463,864.5,VAST_0532-50A,12,05:28:54.85,-51:40:04.69,2020-01-18 13:46:39.665,2020-01-18 13:58:36.301,73,12.836606,11.571117,5.702364
11463,864.5,VAST_0532-50A,13,05:22:08.69,-51:38:38.98,2020-01-18 13:46:39.665,2020-01-18 13:58:36.301,73,12.839678,11.54512,9.620963
11463,864.5,VAST_0532-50A,14,05:22:22.387,-50:35:40.7,2020-01-18 13:46:39.665,2020-01-18 13:58:36.301,73,12.709627,11.550511,10.265816
11463,864.5,VAST_0532-50A,15,05:22:35.287,-49:32:42.9,2020-01-18 13:46:39.665,2020-01-18 13:58:36.301,73,12.596693,11.558639,11.204784
11463,864.5,VAST_0532-50A,16,05:16:46.562,-47:24:06.37,2020-01-18 13:46:39.665,2020-01-18 13:58:36.301,73,12.412452,11.571762,17.801962
11463,864.5,VAST_0532-50A,17,05:22:58.946,-47:26:43.69,2020-01-18 13:46:39.665,2020-01-18 13:58:36.301,73,12.400229,11.592982,13.651439
11463,864.5,VAST_0532-50A,18,05:29:11.616,-47:28:02.39,2020-01-18 13:46:39.665,2020-01-18 13:58:36.301,73,13.84274,11.255179,4.19335
11463,864.5,VAST_0532-50A,19,05:35:24.384,-47:28:02.39,2020-01-18 13:46:39.665,2020-01-18 13:58:36.301,73,12.368488,11.618031,3.881607
11463,864.5,VAST_0532-50A,20,05:41:37.054,-47:26:43.69,2020-01-18 13:46:39.665,2020-01-18 13:58:36.301,73,12.370508,11.647112,-1.1568
11463,864.5,VAST_0532-50A,21,05:47:49.438,-47:24:06.37,2020-01-18 13:46:39.665,2020-01-18 13:58:36.301,73,12.415499,11.524748,-2.989276
11463,864.5,VAST_0532-50A,22,05:48:08.558,-48:27:03.85,2020-01-18 13:46:39.665,2020-01-18 13:58:36.301,73,12.530281,11.511214,-3.157535
11463,864.5,VAST_0532-50A,23,05:48:28.802,-49:29:59.06,2020-01-18 13:46:39.665,2020-01-18 13:58:36.301,73,14.064357,11.258971,-3.080298
11463,864.5,VAST_0532-50A,24,05:48:50.261,-50:32:53.27,2020-01-18 13:46:39.665,2020-01-18 13:58:36.301,73,14.028074,11.123486,-3.36891
11463,864.5,VAST_0532-50A,25,05:49:13.039,-51:35:47.65,2020-01-18 13:46:39.665,2020-01-18 13:58:36.301,73,12.579572,11.393541,-7.123034
11463,864.5,VAST_0532-50A,26,05:49:37.258,-52:38:43.44,2020-01-18 13:46:39.665,2020-01-18 13:58:36.301,73,12.82838,11.434727,-7.474192
11463,864.5,VAST_0532-50A,27,05:42:41.87,-52:41:39.01,2020-01-18 13:46:39.665,2020-01-18 13:58:36.301,73,12.83307,11.444549,-3.501458
11463,864.5,VAST_0532-50A,28,05:35:46.01,-52:43:06.82,2020-01-18 13:46:39.665,2020-01-18 13:58:36.301,73,12.693812,11.356273,0.935752
11463,864.5,VAST_0532-50A,29,05:28:49.99,-52:43:06.82,2020-01-18 13:46:39.665,2020-01-18 13:58:36.301,73,12.844023,11.484262,5.834342
11463,864.5,VAST_0532-50A,30,05:21:54.13,-52:41:39.01,2020-01-18 13:46:39.665,2020-01-18 13:58:36.301,73,12.959405,11.530226,9.001491
11463,864.5,VAST_0532-50A,31,05:14:58.742,-52:38:43.44,2020-01-18 13:46:39.665,2020-01-18 13:58:36.301,73,12.81165,11.396498,11.597393
11463,864.5,VAST_0532-50A,32,05:15:22.961,-51:35:47.65,2020-01-18 13:46:39.665,2020-01-18 13:58:36.301,73,12.853636,11.530879,13.337269
11463,864.5,VAST_0532-50A,33,05:15:45.739,-50:32:53.27,2020-01-18 13:46:39.665,2020-01-18 13:58:36.301,73,12.578648,11.42202,12.566464
11463,864.5,VAST_0532-50A,34,05:16:07.198,-49:29:59.06,2020-01-18 13:46:39.665,2020-01-18 13:58:36.301,73,12.530664,11.496716,16.178445
11463,864.5,VAST_0532-50A,35,05:16:27.442,-48:27:03.85,2020-01-18 13:46:39.665,2020-01-18 13:58:36.301,73,12.524729,11.571344,16.535538
11464,864.5,VAST_0455-50A,0,04:52:08.724,-49:34:04.84,2020-01-18 13:59:26.067,2020-01-18 14:11:22.703,73,12.739844,11.289845,32.962561
11464,864.5,VAST_0455-50A,1,04:58:37.277,-49:34:04.84,2020-01-18 13:59:26.067,2020-01-18 14:11:22.703,73,12.56533,11.224173,31.279998
11464,864.5,VAST_0455-50A,2,04:52:04.418,-50:37:04.44,2020-01-18 13:59:26.067,2020-01-18 14:11:22.703,73,14.175875,11.015779,20.887454
11464,864.5,VAST_0455-50A,3,04:58:41.58,-50:37:04.44,2020-01-18 13:59:26.067,2020-01-18 14:11:22.703,73,12.717753,11.195827,29.33356
11464,864.5,VAST_0455-50A,4,04:45:52.454,-48:29:44.34,2020-01-18 13:59:26.067,2020-01-18 14:11:22.703,73,12.876919,11.404353,38.225889
11464,864.5,VAST_0455-50A,5,04:52:12.782,-48:31:04.58,2020-01-18 13:59:26.067,2020-01-18 14:11:22.703,73,14.110809,11.176283,21.377086
11464,864.5,VAST_0455-50A,6,04:58:33.216,-48:31:04.58,2020-01-18 13:59:26.067,2020-01-18 14:11:22.703,73,12.743848,11.442006,32.797197
11464,864.5,VAST_0455-50A,7,05:04:53.546,-48:29:44.34,2020-01-18 13:59:26.067,2020-01-18 14:11:22.703,73,12.679369,11.456808,29.798387
11464,864.5,VAST_0455-50A,8,05:05:05.714,-49:32:42.9,2020-01-18 13:59:26.067,2020-01-18 14:11:22.703,73,12.774267,11.462417,28.02417
11464,864.5,VAST_0455-50A,9,05:05:18.614,-50:35:40.7,2020-01-18 13:59:26.067,2020-01-18 14:11:22.703,73,12.89118,11.47203,26.353399
11464,864.5,VAST_0455-50A,10,05:05:32.309,-51:38:38.98,2020-01-18 13:59:26.067,2020-01-18 14:11:22.703,73,14.420902,11.163268,16.032175
11464,864.5,VAST_0455-50A,11,04:58:46.15,-51:40:04.69,2020-01-18 13:59:26.067,2020-01-18 14:11:22.703,73,13.053755,11.440182,27.926634
11464,864.5,VAST_0455-50A,12,04:51:59.849,-51:40:04.69,2020-01-18 13:59:26.067,2020-01-18 14:11:22.703,73,13.11855,11.415695,30.832025
11464,864.5,VAST_0455-50A,13,04:45:13.692,-51:38:38.98,2020-01-18 13:59:26.067,2020-01-18 14:11:22.703,73,13.178369,11.387422,33.651776
11464,864.5,VAST_0455-50A,14,04:45:27.386,-50:35:40.7,2020-01-18 13:59:26.067,2020-01-18 14:11:22.703,73,13.064956,11.385179,35.123805
11464,864.5,VAST_0455-50A,15,04:45:40.286,-49:32:42.9,2020-01-18 13:59:26.067,2020-01-18 14:11:22.703,73,12.964816,11.38678,36.614382
11464,864.5,VAST_0455-50A,16,04:39:51.562,-47:24:06.37,2020-01-18 13:59:26.067,2020-01-18 14:11:22.703,73,12.856843,11.37468,42.665504
11464,864.5,VAST_0455-50A,17,04:46:03.946,-47:26:43.69,2020-01-18 13:59:26.067,2020-01-18 14:11:22.703,73,12.788276,11.392712,40.089142
11464,864.5,VAST_0455-50A,18,04:52:16.618,-47:28:02.39,2020-01-18 13:59:26.067,2020-01-18 14:11:22.703,73,13.998939,11.192613,21.708579
11464,864.5,VAST_0455-50A,19,04:58:29.383,-47:28:02.39,2020-01-18 13:59:26.067,2020-01-18 14:11:22.703,73,12.661679,11.451691,34.781239
11464,864.5,VAST_0455-50A,20,05:04:42.053,-47:26:43.69,2020-01-18 13:59:26.067,2020-01-18 14:11:22.703,73,12.584585,11.455689,32.016591
11464,864.5,VAST_0455-50A,21,05:10:54.437,-47:24:06.37,2020-01-18 13:59:26.067,2020-01-18 14:11:22.703,73,12.597069,11.368142,27.197043
11464,864.5,VAST_0455-50A,22,05:11:13.558,-48:27:03.85,2020-01-18 13:59:26.067,2020-01-18 14:11:22.703,73,12.7001,11.365876,25.652389
11464,864.5,VAST_0455-50A,23,05:11:33.802,-49:29:59.06,2020-01-18 13:59:26.067,2020-01-18 14:11:22.703,73,14.130984,11.190487,14.448629
11464,864.5,VAST_0455-50A,24,05:11:55.26,-50:32:53.27,2020-01-18 13:59:26.067,2020-01-18 14:11:22.703,73,14.083401,11.048856,14.08171
11464,864.5,VAST_0455-50A,25,05:12:18.038,-51:35:47.65,2020-01-18 13:59:26.067,2020-01-18 14:11:22.703,73,12.679578,11.283058,21.763442
11464,864.5,VAST_0455-50A,26,05:12:42.257,-52:38:43.44,2020-01-18 13:59:26.067,2020-01-18 14:11:22.703,73,12.914443,11.346725,19.386437
11464,864.5,VAST_0455-50A,27,05:05:46.87,-52:41:39.01,2020-01-18 13:59:26.067,2020-01-18 14:11:22.703,73,12.975554,11.333205,22.750381
11464,864.5,VAST_0455-50A,28,04:58:51.01,-52:43:06.82,2020-01-18 13:59:26.067,2020-01-18 14:11:22.703,73,12.906081,11.233532,26.733231
11464,864.5,VAST_0455-50A,29,04:51:54.991,-52:43:06.82,2020-01-18 13:59:26.067,2020-01-18 14:11:22.703,73,13.128973,11.334692,30.248644
11464,864.5,VAST_0455-50A,30,04:44:59.129,-52:41:39.01,2020-01-18 13:59:26.067,2020-01-18 14:11:22.703,73,13.308961,11.395462,32.481746
11464,864.5,VAST_0455-50A,31,04:38:03.744,-52:38:43.44,2020-01-18 13:59:26.067,2020-01-18 14:11:22.703,73,13.193766,11.258267,34.841674
11464,864.5,VAST_0455-50A,32,04:38:27.96,-51:35:47.65,2020-01-18 13:59:26.067,2020-01-18 14:11:22.703,73,13.250403,11.370616,36.456695
11464,864.5,VAST_0455-50A,33,04:38:50.741,-50:32:53.27,2020-01-18 13:59:26.067,2020-01-18 14:11:22.703,73,12.969515,11.255397,37.278936
11464,864.5,VAST_0455-50A,34,04:39:12.199,-49:29:59.06,2020-01-18 13:59:26.067,2020-01-18 14:11:22.703,73,12.943404,11.292755,40.143188
11464,864.5,VAST_0455-50A,35,04:39:32.441,-48:27:03.85,2020-01-18 13:59:26.067,2020-01-18 14:11:22.703,73,12.944034,11.371924,40.91598
11469,864.5,VAST_0918+00A,0,09:16:31.001,+00:31:29.93,2020-01-18 16:57:55.796,2020-01-18 17:09:52.433,73,13.430314,11.547679,85.97467
11469,864.5,VAST_0918+00A,1,09:20:43.001,+00:31:29.93,2020-01-18 16:57:55.796,2020-01-18 17:09:52.433,73,13.368082,11.442218,86.839038
11469,864.5,VAST_0918+00A,2,09:16:31.001,-00:31:29.93,2020-01-18 16:57:55.796,2020-01-18 17:09:52.433,73,12.912145,12.593461,9.081084
11469,864.5,VAST_0918+00A,3,09:20:43.001,-00:31:29.93,2020-01-18 16:57:55.796,2020-01-18 17:09:52.433,73,13.389109,11.37473,87.048755
11469,864.5,VAST_0918+00A,4,09:12:18.83,+01:34:30.4,2020-01-18 16:57:55.796,2020-01-18 17:09:52.433,73,13.529276,11.714257,82.49122
11469,864.5,VAST_0918+00A,5,09:16:30.958,+01:34:30.4,2020-01-18 16:57:55.796,2020-01-18 17:09:52.433,73,13.309731,12.752893,13.057022
11469,864.5,VAST_0918+00A,6,09:20:43.042,+01:34:30.4,2020-01-18 16:57:55.796,2020-01-18 17:09:52.433,73,13.630001,11.785838,84.079233
11469,864.5,VAST_0918+00A,7,09:24:55.169,+01:34:30.4,2020-01-18 16:57:55.796,2020-01-18 17:09:52.433,73,13.680049,11.819691,84.982264
11469,864.5,VAST_0918+00A,8,09:24:55.042,+00:31:29.93,2020-01-18 16:57:55.796,2020-01-18 17:09:52.433,73,13.686139,11.710654,85.862423
11469,864.5,VAST_0918+00A,9,09:24:55.042,-00:31:29.93,2020-01-18 16:57:55.796,2020-01-18 17:09:52.433,73,13.635459,11.610455,86.221652
11469,864.5,VAST_0918+00A,10,09:24:55.169,-01:34:30.4,2020-01-18 16:57:55.796,2020-01-18 17:09:52.433,73,13.047498,12.679917,0.433313
11469,864.5,VAST_0918+00A,11,09:20:43.042,-01:34:30.4,2020-01-18 16:57:55.796,2020-01-18 17:09:52.433,73,13.315847,11.533834,84.452017
11469,864.5,VAST_0918+00A,12,09:16:30.958,-01:34:30.4,2020-01-18 16:57:55.796,2020-01-18 17:09:52.433,73,13.272135,11.529323,83.592608
11469,864.5,VAST_0918+00A,13,09:12:18.83,-01:34:30.4,2020-01-18 16:57:55.796,2020-01-18 17:09:52.433,73,13.204692,11.505965,82.667251
11469,864.5,VAST_0918+00A,14,09:12:18.958,-00:31:29.93,2020-01-18 16:57:55.796,2020-01-18 17:09:52.433,73,13.42181,11.520487,83.735431
11469,864.5,VAST_0918+00A,15,09:12:18.958,+00:31:29.93,2020-01-18 16:57:55.796,2020-01-18 17:09:52.433,73,13.509044,11.596103,83.446075
11469,864.5,VAST_0918+00A,16,09:08:06.151,+02:37:32.77,2020-01-18 16:57:55.796,2020-01-18 17:09:52.433,73,13.521284,11.841644,80.144292
11469,864.5,VAST_0918+00A,17,09:12:18.576,+02:37:32.77,2020-01-18 16:57:55.796,2020-01-18 17:09:52.433,73,13.563123,11.876497,80.961186
11469,864.5,VAST_0918+00A,18,09:16:30.874,+02:37:32.77,2020-01-18 16:57:55.796,2020-01-18 17:09:52.433,73,13.512121,12.781833,11.531725
11469,864.5,VAST_0918+00A,19,09:20:43.128,+02:37:32.77,2020-01-18 16:57:55.796,2020-01-18 17:09:52.433,73,13.659298,11.946492,83.134557
11469,864.5,VAST_0918+00A,20,09:24:55.423,+02:37:32.77,2020-01-18 16:57:55.796,2020-01-18 17:09:52.433,73,13.721683,11.985192,84.244524
11469,864.5,VAST_0918+00A,21,09:29:07.848,+02:37:32.77,2020-01-18 16:57:55.796,2020-01-18 17:09:52.433,73,13.559568,12.006946,83.17237
11469,864.5,VAST_0918+00A,22,09:29:07.423,+01:34:30.4,2020-01-18 16:57:55.796,2020-01-18 17:09:52.433,73,13.535784,11.849221,84.417533
11469,864.5,VAST_0918+00A,23,09:29:07.212,+00:31:29.93,2020-01-18 16:57:55.796,2020-01-18 17:09:52.433,73,13.295848,12.980716,-16.871924
11469,864.5,VAST_0918+00A,24,09:29:07.212,-00:31:29.93,2020-01-18 16:57:55.796,2020-01-18 17:09:52.433,73,13.087284,12.774666,-31.504704
11469,864.5,VAST_0918+00A,25,09:29:07.423,-01:34:30.4,2020-01-18 16:57:55.796,2020-01-18 17:09:52.433,73,13.271347,11.3515,87.897555
11469,864.5,VAST_0918+00A,26,09:29:07.848,-02:37:32.77,2020-01-18 16:57:55.796,2020-01-18 17:09:52.433,73,13.181523,11.463531,87.083101
11469,864.5,VAST_0918+00A,27,09:24:55.423,-02:37:32.77,2020-01-18 16:57:55.796,2020-01-18 17:09:52.433,73,13.094414,11.454802,86.130418
11469,864.5,VAST_0918+00A,28,09:20:43.128,-02:37:32.77,2020-01-18 16:57:55.796,2020-01-18 17:09:52.433,73,12.909738,11.299216,84.878002
11469,864.5,VAST_0918+00A,29,09:16:30.874,-02:37:32.77,2020-01-18 16:57:55.796,2020-01-18 17:09:52.433,73,12.993126,11.380864,82.247525
11469,864.5,VAST_0918+00A,30,09:12:18.576,-02:37:32.77,2020-01-18 16:57:55.796,2020-01-18 17:09:52.433,73,13.065473,11.508115,81.678927
11469,864.5,VAST_0918+00A,31,09:08:06.151,-02:37:32.77,2020-01-18 16:57:55.796,2020-01-18 17:09:52.433,73,12.929423,11.367723,82.785313
11469,864.5,VAST_0918+00A,32,09:08:06.576,-01:34:30.4,2020-01-18 16:57:55.796,2020-01-18 17:09:52.433,73,13.188942,11.513311,81.97879
11469,864.5,VAST_0918+00A,33,09:08:06.787,-00:31:29.93,2020-01-18 16:57:55.796,2020-01-18 17:09:52.433,73,13.326867,11.381823,84.846296
11469,864.5,VAST_0918+00A,34,09:08:06.787,+00:31:29.93,2020-01-18 16:57:55.796,2020-01-18 17:09:52.433,73,13.37693,11.439596,82.668447
11469,864.5,VAST_0918+00A,35,09:08:06.576,+01:34:30.4,2020-01-18 16:57:55.796,2020-01-18 17:09:52.433,73,13.501565,11.695095,81.554378
11478,864.5,VAST_1147+00A,0,11:45:28.999,+00:31:29.93,2020-01-18 19:11:28.187,2020-01-18 19:23:24.823,73,13.781384,11.731981,89.218
11478,864.5,VAST_1147+00A,1,11:49:40.999,+00:31:29.93,2020-01-18 19:11:28.187,2020-01-18 19:23:24.823,73,13.784398,11.639534,-89.915561
11478,864.5,VAST_1147+00A,2,11:45:28.999,-00:31:29.93,2020-01-18 19:11:28.187,2020-01-18 19:23:24.823,73,13.213186,12.906842,-38.599118
11478,864.5,VAST_1147+00A,3,11:49:40.999,-00:31:29.93,2020-01-18 19:11:28.187,2020-01-18 19:23:24.823,73,13.810885,11.543211,-89.887889
11478,864.5,VAST_1147+00A,4,11:41:16.831,+01:34:30.4,2020-01-18 19:11:28.187,2020-01-18 19:23:24.823,73,13.834898,11.928042,85.394378
11478,864.5,VAST_1147+00A,5,11:45:28.958,+01:34:30.4,2020-01-18 19:11:28.187,2020-01-18 19:23:24.823,73,13.552168,13.129117,-12.193729
11478,864.5,VAST_1147+00A,6,11:49:41.042,+01:34:30.4,2020-01-18 19:11:28.187,2020-01-18 19:23:24.823,73,13.994983,11.984424,87.49959
11478,864.5,VAST_1147+00A,7,11:53:53.17,+01:34:30.4,2020-01-18 19:11:28.187,2020-01-18 19:23:24.823,73,14.083112,12.023999,88.090471
11478,864.5,VAST_1147+00A,8,11:53:53.042,+00:31:29.93,2020-01-18 19:11:28.187,2020-01-18 19:23:24.823,73,14.124292,11.906845,89.226335
11478,864.5,VAST_1147+00A,9,11:53:53.042,-00:31:29.93,2020-01-18 19:11:28.187,2020-01-18 19:23:24.823,73,14.068673,11.791011,89.156509
11478,864.5,VAST_1147+00A,10,11:53:53.17,-01:34:30.4,2020-01-18 19:11:28.187,2020-01-18 19:23:24.823,73,13.394243,12.997981,-43.153079
11478,864.5,VAST_1147+00A,11,11:49:41.042,-01:34:30.4,2020-01-18 19:11:28.187,2020-01-18 19:23:24.823,73,13.756763,11.664794,87.56212
11478,864.5,VAST_1147+00A,12,11:45:28.958,-01:34:30.4,2020-01-18 19:11:28.187,2020-01-18 19:23:24.823,73,13.643188,11.649953,86.592722
11478,864.5,VAST_1147+00A,13,11:41:16.831,-01:34:30.4,2020-01-18 19:11:28.187,2020-01-18 19:23:24.823,73,13.535828,11.629142,85.64613
11478,864.5,VAST_1147+00A,14,11:41:16.958,-00:31:29.93,2020-01-18 19:11:28.187,2020-01-18 19:23:24.823,73,13.769985,11.671379,86.572939
11478,864.5,VAST_1147+00A,15,11:41:16.958,+00:31:29.93,2020-01-18 19:11:28.187,2020-01-18 19:23:24.823,73,13.808334,11.7861,86.199978
11478,864.5,VAST_1147+00A,16,11:37:04.152,+02:37:32.77,2020-01-18 19:11:28.187,2020-01-18 19:23:24.823,73,13.758269,12.00927,83.551402
11478,864.5,VAST_1147+00A,17,11:41:16.577,+02:37:32.77,2020-01-18 19:11:28.187,2020-01-18 19:23:24.823,73,13.84216,12.067951,84.345886
11478,864.5,VAST_1147+00A,18,11:45:28.872,+02:37:32.77,2020-01-18 19:11:28.187,2020-01-18 19:23:24.823,73,13.725805,13.135349,-5.918127
11478,864.5,VAST_1147+00A,19,11:49:41.126,+02:37:32.77,2020-01-18 19:11:28.187,2020-01-18 19:23:24.823,73,13.953446,12.140852,85.785596
11478,864.5,VAST_1147+00A,20,11:53:53.424,+02:37:32.77,2020-01-18 19:11:28.187,2020-01-18 19:23:24.823,73,14.037845,12.181353,86.296077
11478,864.5,VAST_1147+00A,21,11:58:05.849,+02:37:32.77,2020-01-18 19:11:28.187,2020-01-18 19:23:24.823,73,13.853307,12.200621,85.299169
11478,864.5,VAST_1147+00A,22,11:58:05.424,+01:34:30.4,2020-01-18 19:11:28.187,2020-01-18 19:23:24.823,73,13.917722,12.063776,87.671341
11478,864.5,VAST_1147+00A,23,11:58:05.213,+00:31:29.93,2020-01-18 19:11:28.187,2020-01-18 19:23:24.823,73,13.848795,13.193713,-44.595088
11478,864.5,VAST_1147+00A,24,11:58:05.213,-00:31:29.93,2020-01-18 19:11:28.187,2020-01-18 19:23:24.823,73,13.68623,12.937915,-49.823896
11478,864.5,VAST_1147+00A,25,11:58:05.424,-01:34:30.4,2020-01-18 19:11:28.187,2020-01-18 19:23:24.823,73,13.843964,11.509129,-89.093379
11478,864.5,VAST_1147+00A,26,11:58:05.849,-02:37:32.77,2020-01-18 19:11:28.187,2020-01-18 19:23:24.823,73,13.691996,11.576346,-89.854751
11478,864.5,VAST_1147+00A,27,11:53:53.424,-02:37:32.77,2020-01-18 19:11:28.187,2020-01-18 19:23:24.823,73,13.553559,11.563512,89.206004
11478,864.5,VAST_1147+00A,28,11:49:41.126,-02:37:32.77,2020-01-18 19:11:28.187,2020-01-18 19:23:24.823,73,13.336758,11.428976,87.831379
11478,864.5,VAST_1147+00A,29,11:45:28.872,-02:37:32.77,2020-01-18 19:11:28.187,2020-01-18 19:23:24.823,73,13.330563,11.500004,85.073305
11478,864.5,VAST_1147+00A,30,11:41:16.577,-02:37:32.77,2020-01-18 19:11:28.187,2020-01-18 19:23:24.823,73,13.347299,11.609885,84.458638
11478,864.5,VAST_1147+00A,31,11:37:04.152,-02:37:32.77,2020-01-18 19:11:28.187,2020-01-18 19:23:24.823,73,13.163361,11.436352,85.652798
11478,864.5,VAST_1147+00A,32,11:37:04.577,-01:34:30.4,2020-01-18 19:11:28.187,2020-01-18 19:23:24.823,73,13.449802,11.61209,84.758146
11478,864.5,VAST_1147+00A,33,11:37:04.788,-00:31:29.93,2020-01-18 19:11:28.187,2020-01-18 19:23:24.823,73,13.597884,11.515564,87.380892
11478,864.5,VAST_1147+00A,34,11:37:04.788,+00:31:29.93,2020-01-18 19:11:28.187,2020-01-18 19:23:24.823,73,13.632353,11.625505,85.154444
11478,864.5,VAST_1147+00A,35,11:37:04.577,+01:34:30.4,2020-01-18 19:11:28.187,2020-01-18 19:23:24.823,73,13.749222,11.876647,84.315465
11629,864.5,VAST_2219-43A,0,22:16:38.746,-43:20:42.83,2020-01-27 05:21:45.972,2020-01-27 05:33:32.655,72,11.921024,11.386569,-6.719371
11629,864.5,VAST_2219-43A,1,22:22:25.255,-43:20:42.83,2020-01-27 05:21:45.972,2020-01-27 05:33:32.655,72,11.93675,11.393183,-13.38484
11629,864.5,VAST_2219-43A,2,22:16:35.666,-44:23:42.54,2020-01-27 05:21:45.972,2020-01-27 05:33:32.655,72,13.425119,10.996274,-4.795934
11629,864.5,VAST_2219-43A,3,22:22:28.334,-44:23:42.54,2020-01-27 05:21:45.972,2020-01-27 05:33:32.655,72,12.016032,11.382818,-12.910606
11629,864.5,VAST_2219-43A,4,22:11:01.032,-42:16:37.56,2020-01-27 05:21:45.972,2020-01-27 05:33:32.655,72,11.965535,11.519826,2.991406
11629,864.5,VAST_2219-43A,5,22:16:41.664,-42:17:42.5,2020-01-27 05:21:45.972,2020-01-27 05:33:32.655,72,11.957177,11.54117,-3.711484
11629,864.5,VAST_2219-43A,6,22:22:22.337,-42:17:42.5,2020-01-27 05:21:45.972,2020-01-27 05:33:32.655,72,11.980464,11.581842,-11.939554
11629,864.5,VAST_2219-43A,7,22:28:02.969,-42:16:37.56,2020-01-27 05:21:45.972,2020-01-27 05:33:32.655,72,12.001535,11.591413,-20.010427
11629,864.5,VAST_2219-43A,8,22:28:11.717,-43:19:36.8,2020-01-27 05:21:45.972,2020-01-27 05:33:32.655,72,12.073033,11.565256,-18.813699
11629,864.5,VAST_2219-43A,9,22:28:20.95,-44:22:35.33,2020-01-27 05:21:45.972,2020-01-27 05:33:32.655,72,12.169196,11.561183,-17.889938
11629,864.5,VAST_2219-43A,10,22:28:30.701,-45:25:34.39,2020-01-27 05:21:45.972,2020-01-27 05:33:32.655,72,12.257358,11.542357,-17.508053
11629,864.5,VAST_2219-43A,11,22:22:31.586,-45:26:42.83,2020-01-27 05:21:45.972,2020-01-27 05:33:32.655,72,12.237505,11.5375,-12.505807
11629,864.5,VAST_2219-43A,12,22:16:32.412,-45:26:42.83,2020-01-27 05:21:45.972,2020-01-27 05:33:32.655,72,12.215897,11.507138,-6.987805
11629,864.5,VAST_2219-43A,13,22:10:33.298,-45:25:34.39,2020-01-27 05:21:45.972,2020-01-27 05:33:32.655,72,12.218871,11.49405,-2.355829
11629,864.5,VAST_2219-43A,14,22:10:43.051,-44:22:35.33,2020-01-27 05:21:45.972,2020-01-27 05:33:32.655,72,12.120778,11.487444,-0.556536
11629,864.5,VAST_2219-43A,15,22:10:52.282,-43:19:36.8,2020-01-27 05:21:45.972,2020-01-27 05:33:32.655,72,11.933295,11.44042,2.230394
11629,864.5,VAST_2219-43A,16,22:05:34.337,-41:11:28.46,2020-01-27 05:21:45.972,2020-01-27 05:33:32.655,72,11.885677,11.468462,11.638067
11629,864.5,VAST_2219-43A,17,22:11:09.329,-41:13:36.3,2020-01-27 05:21:45.972,2020-01-27 05:33:32.655,72,11.886188,11.51442,6.309315
11629,864.5,VAST_2219-43A,18,22:16:44.431,-41:14:40.24,2020-01-27 05:21:45.972,2020-01-27 05:33:32.655,72,13.338436,11.181893,-3.773787
11629,864.5,VAST_2219-43A,19,22:22:19.57,-41:14:40.24,2020-01-27 05:21:45.972,2020-01-27 05:33:32.655,72,11.904935,11.588539,-10.913283
11629,864.5,VAST_2219-43A,20,22:27:54.672,-41:13:36.3,2020-01-27 05:21:45.972,2020-01-27 05:33:32.655,72,11.79539,11.44266,-25.019852
11629,864.5,VAST_2219-43A,21,22:33:29.664,-41:11:28.46,2020-01-27 05:21:45.972,2020-01-27 05:33:32.655,72,11.959382,11.608978,-29.853995
11629,864.5,VAST_2219-43A,22,22:33:43.476,-42:14:27.71,2020-01-27 05:21:45.972,2020-01-27 05:33:32.655,72,11.905259,11.422953,-30.123336
11629,864.5,VAST_2219-43A,23,22:33:58.039,-43:17:24.76,2020-01-27 05:21:45.972,2020-01-27 05:33:32.655,72,13.531496,11.233174,-11.21299
11629,864.5,VAST_2219-43A,24,22:34:13.409,-44:20:20.94,2020-01-27 05:21:45.972,2020-01-27 05:33:32.655,72,13.630139,11.22261,-11.499428
11629,864.5,VAST_2219-43A,25,22:34:29.64,-45:23:17.48,2020-01-27 05:21:45.972,2020-01-27 05:33:32.655,72,12.041388,11.327385,-23.2713
11629,864.5,VAST_2219-43A,26,22:34:46.802,-46:26:15.65,2020-01-27 05:21:45.972,2020-01-27 05:33:32.655,72,12.266067,11.379465,-22.387393
11629,864.5,VAST_2219-43A,27,22:28:41.014,-46:28:35.26,2020-01-27 05:21:45.972,2020-01-27 05:33:32.655,72,12.231292,11.371682,-17.441251
11629,864.5,VAST_2219-43A,28,22:22:35.026,-46:29:45.06,2020-01-27 05:21:45.972,2020-01-27 05:33:32.655,72,12.199693,11.431387,-11.995867
11629,864.5,VAST_2219-43A,29,22:16:28.973,-46:29:45.06,2020-01-27 05:21:45.972,2020-01-27 05:33:32.655,72,12.19318,11.422223,-6.767766
11629,864.5,VAST_2219-43A,30,22:10:22.987,-46:28:35.26,2020-01-27 05:21:45.972,2020-01-27 05:33:32.655,72,12.298693,11.470491,-2.208978
11629,864.5,VAST_2219-43A,31,22:04:17.198,-46:26:15.65,2020-01-27 05:21:45.972,2020-01-27 05:33:32.655,72,12.129876,11.281344,-0.007208
11629,864.5,VAST_2219-43A,32,22:04:34.361,-45:23:17.48,2020-01-27 05:21:45.972,2020-01-27 05:33:32.655,72,12.205271,11.455594,3.056825
11629,864.5,VAST_2219-43A,33,22:04:50.592,-44:20:20.94,2020-01-27 05:21:45.972,2020-01-27 05:33:32.655,72,12.111936,11.450258,4.65459
11629,864.5,VAST_2219-43A,34,22:05:05.962,-43:17:24.76,2020-01-27 05:21:45.972,2020-01-27 05:33:32.655,72,11.934042,11.400927,8.042115
11629,864.5,VAST_2219-43A,35,22:05:20.525,-42:14:27.71,2020-01-27 05:21:45.972,2020-01-27 05:33:32.655,72,11.964298,11.473423,8.806069
11693,864.5,VAST_0408-62A,0,04:03:48.883,-61:58:08.72,2020-02-01 10:56:44.741,2020-02-01 11:08:41.377,73,14.207131,11.184722,-5.882543
11693,864.5,VAST_0408-62A,1,04:12:45.118,-61:58:08.72,2020-02-01 10:56:44.741,2020-02-01 11:08:41.377,73,14.121831,11.053668,-9.509751
11693,864.5,VAST_0408-62A,2,04:03:39.278,-63:01:08,2020-02-01 10:56:44.741,2020-02-01 11:08:41.377,73,14.301896,11.037527,-5.98361
11693,864.5,VAST_0408-62A,3,04:12:54.722,-63:01:08,2020-02-01 10:56:44.741,2020-02-01 11:08:41.377,73,14.342093,11.055102,-9.470474
11693,864.5,VAST_0408-62A,4,03:55:19.778,-60:53:02.4,2020-02-01 10:56:44.741,2020-02-01 11:08:41.377,73,14.021579,11.208992,-2.275425
11693,864.5,VAST_0408-62A,5,04:03:57.763,-60:55:08.8,2020-02-01 10:56:44.741,2020-02-01 11:08:41.377,73,15.692368,10.864318,-5.208205
11693,864.5,VAST_0408-62A,6,04:12:36.238,-60:55:08.8,2020-02-01 10:56:44.741,2020-02-01 11:08:41.377,73,14.052975,11.220631,-9.368386
11693,864.5,VAST_0408-62A,7,04:21:14.222,-60:53:02.4,2020-02-01 10:56:44.741,2020-02-01 11:08:41.377,73,14.083943,11.223671,-12.853066
11693,864.5,VAST_0408-62A,8,04:21:40.802,-61:55:58.04,2020-02-01 10:56:44.741,2020-02-01 11:08:41.377,73,14.281014,11.204138,-12.992316
11693,864.5,VAST_0408-62A,9,04:22:09.545,-62:58:52.64,2020-02-01 10:56:44.741,2020-02-01 11:08:41.377,73,14.507743,11.209549,-12.84372
11693,864.5,VAST_0408-62A,10,04:22:40.723,-64:01:47.35,2020-02-01 10:56:44.741,2020-02-01 11:08:41.377,73,14.735567,11.187507,-13.032298
11693,864.5,VAST_0408-62A,11,04:13:05.143,-64:04:07.82,2020-02-01 10:56:44.741,2020-02-01 11:08:41.377,73,14.67276,11.169152,-9.512701
11693,864.5,VAST_0408-62A,12,04:03:28.858,-64:04:07.82,2020-02-01 10:56:44.741,2020-02-01 11:08:41.377,73,14.647728,11.174225,-5.747191
11693,864.5,VAST_0408-62A,13,03:53:53.275,-64:01:47.35,2020-02-01 10:56:44.741,2020-02-01 11:08:41.377,73,14.643931,11.171845,-2.205894
11693,864.5,VAST_0408-62A,14,03:54:24.456,-62:58:52.64,2020-02-01 10:56:44.741,2020-02-01 11:08:41.377,73,14.423886,11.187994,-2.269502
11693,864.5,VAST_0408-62A,15,03:54:53.198,-61:55:58.04,2020-02-01 10:56:44.741,2020-02-01 11:08:41.377,73,14.050228,11.108738,-2.013518
11693,864.5,VAST_0408-62A,16,03:47:24.156,-59:45:59.72,2020-02-01 10:56:44.741,2020-02-01 11:08:41.377,73,13.811645,11.202441,1.147593
11693,864.5,VAST_0408-62A,17,03:55:44.426,-59:50:04.42,2020-02-01 10:56:44.741,2020-02-01 11:08:41.377,73,13.82994,11.223432,-2.269515
11693,864.5,VAST_0408-62A,18,04:04:05.998,-59:52:06.89,2020-02-01 10:56:44.741,2020-02-01 11:08:41.377,73,15.497201,10.885498,-5.128958
11693,864.5,VAST_0408-62A,19,04:12:28.003,-59:52:06.89,2020-02-01 10:56:44.741,2020-02-01 11:08:41.377,73,13.874251,11.24277,-9.347907
11693,864.5,VAST_0408-62A,20,04:20:49.574,-59:50:04.42,2020-02-01 10:56:44.741,2020-02-01 11:08:41.377,73,13.896612,11.24993,-12.876947
11693,864.5,VAST_0408-62A,21,04:29:09.845,-59:45:59.72,2020-02-01 10:56:44.741,2020-02-01 11:08:41.377,73,13.98125,11.151299,-14.866744
11693,864.5,VAST_0408-62A,22,04:29:50.75,-60:48:49.86,2020-02-01 10:56:44.741,2020-02-01 11:08:41.377,73,14.174844,11.131113,-15.007987
11693,864.5,VAST_0408-62A,23,04:30:34.846,-61:51:37.01,2020-02-01 10:56:44.741,2020-02-01 11:08:41.377,73,15.990118,10.875311,-13.838999
11693,864.5,VAST_0408-62A,24,04:31:22.517,-62:54:22.28,2020-02-01 10:56:44.741,2020-02-01 11:08:41.377,73,16.070087,10.75017,-13.829712
11693,864.5,VAST_0408-62A,25,04:32:14.203,-63:57:06.84,2020-02-01 10:56:44.741,2020-02-01 11:08:41.377,73,14.492361,10.991982,-16.524164
11693,864.5,VAST_0408-62A,26,04:33:10.43,-64:59:51.72,2020-02-01 10:56:44.741,2020-02-01 11:08:41.377,73,14.886131,11.061213,-16.596458
11693,864.5,VAST_0408-62A,27,04:23:14.654,-65:04:43.39,2020-02-01 10:56:44.741,2020-02-01 11:08:41.377,73,14.802581,10.993502,-13.510175
11693,864.5,VAST_0408-62A,28,04:13:16.486,-65:07:09.52,2020-02-01 10:56:44.741,2020-02-01 11:08:41.377,73,14.799192,11.125249,-9.327236
11693,864.5,VAST_0408-62A,29,04:03:17.513,-65:07:09.52,2020-02-01 10:56:44.741,2020-02-01 11:08:41.377,73,14.772697,11.12532,-5.681549
11693,864.5,VAST_0408-62A,30,03:53:19.344,-65:04:43.39,2020-02-01 10:56:44.741,2020-02-01 11:08:41.377,73,14.729255,11.039295,-1.367596
11693,864.5,VAST_0408-62A,31,03:43:23.57,-64:59:51.72,2020-02-01 10:56:44.741,2020-02-01 11:08:41.377,73,14.854519,11.155502,1.525804
11693,864.5,VAST_0408-62A,32,03:44:19.795,-63:57:06.84,2020-02-01 10:56:44.741,2020-02-01 11:08:41.377,73,14.525467,11.067343,1.378206
11693,864.5,VAST_0408-62A,33,03:45:11.484,-62:54:22.28,2020-02-01 10:56:44.741,2020-02-01 11:08:41.377,73,14.305823,11.069765,1.293171
11693,864.5,VAST_0408-62A,34,03:45:59.153,-61:51:37.01,2020-02-01 10:56:44.741,2020-02-01 11:08:41.377,73,14.019332,11.01296,2.395898
11693,864.5,VAST_0408-62A,35,03:46:43.25,-60:48:49.86,2020-02-01 10:56:44.741,2020-02-01 11:08:41.377,73,13.905442,11.096763,1.1996
11696,864.5,VAST_1351-06A,0,13:49:36.362,-05:46:28.13,2020-02-01 20:28:33.697,2020-02-01 20:40:30.333,73,12.695828,11.175322,78.059176
11696,864.5,VAST_1351-06A,1,13:53:49.637,-05:46:28.13,2020-02-01 20:28:33.697,2020-02-01 20:40:30.333,73,12.611814,11.10325,81.119716
11696,864.5,VAST_1351-06A,2,13:49:36.106,-06:49:27.95,2020-02-01 20:28:33.697,2020-02-01 20:40:30.333,73,12.443077,11.051799,80.005551
11696,864.5,VAST_1351-06A,3,13:53:49.894,-06:49:27.95,2020-02-01 20:28:33.697,2020-02-01 20:40:30.333,73,12.499252,11.064408,80.986643
11696,864.5,VAST_1351-06A,4,13:45:23.686,-04:43:20.03,2020-02-01 20:28:33.697,2020-02-01 20:40:30.333,73,12.769302,11.187255,77.563019
11696,864.5,VAST_1351-06A,5,13:49:36.576,-04:43:27.66,2020-02-01 20:28:33.697,2020-02-01 20:40:30.333,73,12.805278,12.063039,14.159673
11696,864.5,VAST_1351-06A,6,13:53:49.423,-04:43:27.66,2020-02-01 20:28:33.697,2020-02-01 20:40:30.333,73,12.877916,11.219744,79.754293
11696,864.5,VAST_1351-06A,7,13:58:02.314,-04:43:20.03,2020-02-01 20:28:33.697,2020-02-01 20:40:30.333,73,12.934875,11.232554,80.876455
11696,864.5,VAST_1351-06A,8,13:58:02.954,-05:46:20.5,2020-02-01 20:28:33.697,2020-02-01 20:40:30.333,73,12.81826,11.211108,80.130497
11696,864.5,VAST_1351-06A,9,13:58:03.722,-06:49:20.32,2020-02-01 20:28:33.697,2020-02-01 20:40:30.333,73,12.7125,11.191327,79.298
11696,864.5,VAST_1351-06A,10,13:58:04.625,-07:52:20.75,2020-02-01 20:28:33.697,2020-02-01 20:40:30.333,73,12.619731,11.158984,78.912203
11696,864.5,VAST_1351-06A,11,13:53:50.194,-07:52:28.45,2020-02-01 20:28:33.697,2020-02-01 20:40:30.333,73,12.551281,11.136237,78.265261
11696,864.5,VAST_1351-06A,12,13:49:35.806,-07:52:28.45,2020-02-01 20:28:33.697,2020-02-01 20:40:30.333,73,12.51659,11.136324,77.184986
11696,864.5,VAST_1351-06A,13,13:45:21.377,-07:52:20.75,2020-02-01 20:28:33.697,2020-02-01 20:40:30.333,73,12.463643,11.11259,76.339628
11696,864.5,VAST_1351-06A,14,13:45:22.277,-06:49:20.32,2020-02-01 20:28:33.697,2020-02-01 20:40:30.333,73,12.54456,11.123529,76.647345
11696,864.5,VAST_1351-06A,15,13:45:23.047,-05:46:20.5,2020-02-01 20:28:33.697,2020-02-01 20:40:30.333,73,12.549272,11.019626,77.108112
11696,864.5,VAST_1351-06A,16,13:41:11.52,-03:40:02.39,2020-02-01 20:28:33.697,2020-02-01 20:40:30.333,73,12.856274,11.200966,77.521583
11696,864.5,VAST_1351-06A,17,13:45:24.197,-03:40:17.65,2020-02-01 20:28:33.697,2020-02-01 20:40:30.333,73,12.907631,11.218022,78.408604
11696,864.5,VAST_1351-06A,18,13:49:36.746,-03:40:25.28,2020-02-01 20:28:33.697,2020-02-01 20:40:30.333,73,12.836083,12.172185,15.36859
11696,864.5,VAST_1351-06A,19,13:53:49.255,-03:40:25.28,2020-02-01 20:28:33.697,2020-02-01 20:40:30.333,73,13.014756,11.247544,80.682961
11696,864.5,VAST_1351-06A,20,13:58:01.805,-03:40:17.65,2020-02-01 20:28:33.697,2020-02-01 20:40:30.333,73,13.09307,11.266218,81.761977
11696,864.5,VAST_1351-06A,21,14:02:14.479,-03:40:02.39,2020-02-01 20:28:33.697,2020-02-01 20:40:30.333,73,12.961075,11.261254,80.287722
11696,864.5,VAST_1351-06A,22,14:02:15.329,-04:43:04.76,2020-02-01 20:28:33.697,2020-02-01 20:40:30.333,73,12.814421,11.243002,79.173259
11696,864.5,VAST_1351-06A,23,14:02:16.394,-05:46:05.2,2020-02-01 20:28:33.697,2020-02-01 20:40:30.333,73,12.763368,12.218408,4.980542
11696,864.5,VAST_1351-06A,24,14:02:17.676,-06:49:04.98,2020-02-01 20:28:33.697,2020-02-01 20:40:30.333,73,12.605611,12.038105,2.038978
11696,864.5,VAST_1351-06A,25,14:02:19.178,-07:52:05.41,2020-02-01 20:28:33.697,2020-02-01 20:40:30.333,73,12.47121,10.957679,81.761751
11696,864.5,VAST_1351-06A,26,14:02:20.904,-08:55:07.72,2020-02-01 20:28:33.697,2020-02-01 20:40:30.333,73,12.462357,11.054424,81.992897
11696,864.5,VAST_1351-06A,27,13:58:05.659,-08:55:23.12,2020-02-01 20:28:33.697,2020-02-01 20:40:30.333,73,12.402569,11.046394,80.871272
11696,864.5,VAST_1351-06A,28,13:53:50.539,-08:55:30.83,2020-02-01 20:28:33.697,2020-02-01 20:40:30.333,73,12.39489,10.998402,77.574683
11696,864.5,VAST_1351-06A,29,13:49:35.46,-08:55:30.83,2020-02-01 20:28:33.697,2020-02-01 20:40:30.333,73,12.360594,10.994193,76.707772
11696,864.5,VAST_1351-06A,30,13:45:20.342,-08:55:23.12,2020-02-01 20:28:33.697,2020-02-01 20:40:30.333,73,12.317097,10.973589,76.131304
11696,864.5,VAST_1351-06A,31,13:41:05.098,-08:55:07.72,2020-02-01 20:28:33.697,2020-02-01 20:40:30.333,73,12.355337,11.070725,75.441787
11696,864.5,VAST_1351-06A,32,13:41:06.821,-07:52:05.41,2020-02-01 20:28:33.697,2020-02-01 20:40:30.333,73,12.347147,10.998393,76.44185
11696,864.5,VAST_1351-06A,33,13:41:08.323,-06:49:04.98,2020-02-01 20:28:33.697,2020-02-01 20:40:30.333,73,12.441358,11.038284,77.10777
11696,864.5,VAST_1351-06A,34,13:41:09.605,-05:46:05.2,2020-02-01 20:28:33.697,2020-02-01 20:40:30.333,73,12.547996,11.057473,77.08186
11696,864.5,VAST_1351-06A,35,13:41:10.67,-04:43:04.76,2020-02-01 20:28:33.697,2020-02-01 20:40:30.333,73,12.656499,11.074162,77.637575
11702,864.5,VAST_2004+00A,0,20:02:01.999,+00:31:29.93,2020-02-02 02:43:08.203,2020-02-02 02:55:04.840,73,13.547855,11.378626,81.989893
11702,864.5,VAST_2004+00A,1,20:06:13.999,+00:31:29.93,2020-02-02 02:43:08.203,2020-02-02 02:55:04.840,73,13.498738,11.33726,84.951952
11702,864.5,VAST_2004+00A,2,20:02:01.999,-00:31:29.93,2020-02-02 02:43:08.203,2020-02-02 02:55:04.840,73,13.380647,11.189215,84.32529
11702,864.5,VAST_2004+00A,3,20:06:13.999,-00:31:29.93,2020-02-02 02:43:08.203,2020-02-02 02:55:04.840,73,13.457332,11.228993,85.211415
11702,864.5,VAST_2004+00A,4,19:57:49.831,+01:34:30.4,2020-02-02 02:43:08.203,2020-02-02 02:55:04.840,73,13.521662,11.484089,79.738128
11702,864.5,VAST_2004+00A,5,20:02:01.958,+01:34:30.4,2020-02-02 02:43:08.203,2020-02-02 02:55:04.840,73,13.201273,12.660683,19.714539
11702,864.5,VAST_2004+00A,6,20:06:14.042,+01:34:30.4,2020-02-02 02:43:08.203,2020-02-02 02:55:04.840,73,13.645214,11.567596,81.85825
11702,864.5,VAST_2004+00A,7,20:10:26.17,+01:34:30.4,2020-02-02 02:43:08.203,2020-02-02 02:55:04.840,73,13.713824,11.614342,82.973196
11702,864.5,VAST_2004+00A,8,20:10:26.042,+00:31:29.93,2020-02-02 02:43:08.203,2020-02-02 02:55:04.840,73,13.692117,11.462377,83.863051
11702,864.5,VAST_2004+00A,9,20:10:26.042,-00:31:29.93,2020-02-02 02:43:08.203,2020-02-02 02:55:04.840,73,13.643651,11.361307,84.268306
11702,864.5,VAST_2004+00A,10,20:10:26.17,-01:34:30.4,2020-02-02 02:43:08.203,2020-02-02 02:55:04.840,73,13.456834,11.302568,83.515413
11702,864.5,VAST_2004+00A,11,20:06:14.042,-01:34:30.4,2020-02-02 02:43:08.203,2020-02-02 02:55:04.840,73,13.348755,11.283021,82.340031
11702,864.5,VAST_2004+00A,12,20:02:01.958,-01:34:30.4,2020-02-02 02:43:08.203,2020-02-02 02:55:04.840,73,13.287954,11.247139,81.352307
11702,864.5,VAST_2004+00A,13,19:57:49.831,-01:34:30.4,2020-02-02 02:43:08.203,2020-02-02 02:55:04.840,73,13.212014,11.239329,80.196367
11702,864.5,VAST_2004+00A,14,19:57:49.958,-00:31:29.93,2020-02-02 02:43:08.203,2020-02-02 02:55:04.840,73,13.453535,11.239318,81.568027
11702,864.5,VAST_2004+00A,15,19:57:49.958,+00:31:29.93,2020-02-02 02:43:08.203,2020-02-02 02:55:04.840,73,13.392275,11.205437,81.016741
11702,864.5,VAST_2004+00A,16,19:53:37.152,+02:37:32.77,2020-02-02 02:43:08.203,2020-02-02 02:55:04.840,73,13.509322,11.626801,77.979372
11702,864.5,VAST_2004+00A,17,19:57:49.577,+02:37:32.77,2020-02-02 02:43:08.203,2020-02-02 02:55:04.840,73,13.547337,11.647566,78.585097
11702,864.5,VAST_2004+00A,18,20:02:01.872,+02:37:32.77,2020-02-02 02:43:08.203,2020-02-02 02:55:04.840,73,13.421642,12.695012,16.1358
11702,864.5,VAST_2004+00A,19,20:06:14.126,+02:37:32.77,2020-02-02 02:43:08.203,2020-02-02 02:55:04.840,73,13.673826,11.740806,80.671754
11702,864.5,VAST_2004+00A,20,20:10:26.424,+02:37:32.77,2020-02-02 02:43:08.203,2020-02-02 02:55:04.840,73,13.731259,11.793907,81.546127
11702,864.5,VAST_2004+00A,21,20:14:38.849,+02:37:32.77,2020-02-02 02:43:08.203,2020-02-02 02:55:04.840,73,13.56238,11.797641,79.805728
11702,864.5,VAST_2004+00A,22,20:14:38.424,+01:34:30.4,2020-02-02 02:43:08.203,2020-02-02 02:55:04.840,73,13.557439,11.639272,82.251732
11702,864.5,VAST_2004+00A,23,20:14:38.213,+00:31:29.93,2020-02-02 02:43:08.203,2020-02-02 02:55:04.840,73,13.125543,12.96929,-23.413826
11702,864.5,VAST_2004+00A,24,20:14:38.213,-00:31:29.93,2020-02-02 02:43:08.203,2020-02-02 02:55:04.840,73,12.976486,12.731405,-51.672542
11702,864.5,VAST_2004+00A,25,20:14:38.424,-01:34:30.4,2020-02-02 02:43:08.203,2020-02-02 02:55:04.840,73,13.338624,11.090083,86.422729
11702,864.5,VAST_2004+00A,26,20:14:38.849,-02:37:32.77,2020-02-02 02:43:08.203,2020-02-02 02:55:04.840,73,13.180257,11.178503,85.368949
11702,864.5,VAST_2004+00A,27,20:10:26.424,-02:37:32.77,2020-02-02 02:43:08.203,2020-02-02 02:55:04.840,73,13.106217,11.184212,83.999809
11702,864.5,VAST_2004+00A,28,20:06:14.126,-02:37:32.77,2020-02-02 02:43:08.203,2020-02-02 02:55:04.840,73,13.05966,11.135202,80.894032
11702,864.5,VAST_2004+00A,29,20:02:01.872,-02:37:32.77,2020-02-02 02:43:08.203,2020-02-02 02:55:04.840,73,12.997122,11.113698,79.898453
11702,864.5,VAST_2004+00A,30,19:57:49.577,-02:37:32.77,2020-02-02 02:43:08.203,2020-02-02 02:55:04.840,73,12.981123,11.095173,78.989084
11702,864.5,VAST_2004+00A,31,19:53:37.152,-02:37:32.77,2020-02-02 02:43:08.203,2020-02-02 02:55:04.840,73,12.99582,11.205616,78.041635
11702,864.5,VAST_2004+00A,32,19:53:37.577,-01:34:30.4,2020-02-02 02:43:08.203,2020-02-02 02:55:04.840,73,13.117394,11.125238,80.133674
11702,864.5,VAST_2004+00A,33,19:53:37.788,-00:31:29.93,2020-02-02 02:43:08.203,2020-02-02 02:55:04.840,73,13.344228,11.124706,81.437646
11702,864.5,VAST_2004+00A,34,19:53:37.788,+00:31:29.93,2020-02-02 02:43:08.203,2020-02-02 02:55:04.840,73,13.397498,11.203315,80.832456
11702,864.5,VAST_2004+00A,35,19:53:37.577,+01:34:30.4,2020-02-02 02:43:08.203,2020-02-02 02:55:04.840,73,13.419875,11.34871,79.624461
